기업명,예측일,공모희망가(원),공모가(원),공모금액(백만원),기관경쟁률,의무보유확약,주간사,종목코드
시큐레터,2023.08.08,"9,200~10,600","12,000","10,671","1,544.73:1",3.14%,대신증권,418250
스마트레이더시스템,2023.08.07,"5,800~6,800","8,000","12,876","1,813.42:1",6.98%,대신증권,424960
넥스틸,2023.08.02,"11,500~12,500","11,500","80,500",235.56:1,0.60%,하나증권,092790
빅토리콘텐츠(구.빅텐츠),2023.07.28,"21,000~23,000","23,000","9,832",731.17,4.19%,NH투자증권,210120
큐리옥스바이오시스템즈,2023.07.27,"13,000~16,000","13,000","18,200",191.61:1,2.63%,키움증권,445680
SK증권스팩10호,2023.07.26,"2,000~2,000","2,000","6,000",1205.00:1,0.66%,SK증권,457940
코츠테크놀로지,2023.07.26,"10,000~11,500","13,000","10,000","1,836.61:1",17.59%,"한국투자증권,하이투자증권",448710
하나스팩28호,2023.07.25,"2,000~2,000","2,000","13,000","1,291.86:1",-,하나증권,454750
KB스팩26호,2023.07.24,"2,000~2,000","2,000","10,000","1,302.86:1",0.76%,KB증권,458320
파두,2023.07.24,"26,000~31,000","31,000","162,500",362.90:1,21.87%,"NH투자증권,한국투자증권,한화증권,현대차증권,유진투자증권,KB증권",440110
엠아이큐브솔루션,2023.07.20,"8,500~10,000","12,000","10,285","1,888.91:1",29.69%,한국투자증권,373170
시지트로닉스,2023.07.18,"18,000~20,000","25,000","22,500","1,703.85:1",5.62%,유안타증권,429270
유안타스팩14호,2023.07.12,"2,000~2,000","2,000","8,000","1,248.32:1",1.20%,유안타증권,450940
에이엘티,2023.07.11,"16,700~20,500","25,000","15,030","1,835.71:1",16.07%,미래에셋증권,172670
파로스아이바이오,2023.07.10,"14,000~18,000","14,000","19,600",303.31:1,1.32%,한국투자증권,388870
버넥트,2023.07.10,"11,500~13,600","16,000","30,720","1,520.08:1",8.63%,대신증권,438700
뷰티스킨,2023.07.10,"21,000~24,000","26,000","11,440",1819.7 :1,10.93%,DB금융투자,406820
SK증권스팩9호,2023.07.06,"2,000~2,000","2,000","8,000","1,002.51:1",3.54%,SK증권,455910
센서뷰,2023.07.03,"2,900~3,600","4,500","11,310","1,673.33:1",7.41%,삼성증권,321370
와이랩,2023.07.03,"7,000~8,000","9,000","21,000",1821.64:1,14.72%,한국투자증권,432430
필에너지,2023.06.29,"26,300~30,000","34,000","95,625",1811.55:1,59.23%,"미래에셋증권,삼성증권",378340
디비금융스팩11호,2023.06.27,"2,000~2,000","2,000","10,000",614.07,7.35%,DB금융투자,456440
이노시뮬레이션,2023.06.21,"13,000~15,000","15,000","11,700","1,869.47:1",5.98%,하나증권,274400
교보스팩14호,2023.06.19,"2,000~2,000","2,000","7,700",530.34:1,-,교보증권,456490
오픈놀,2023.06.14,"11,000~13,500","10,000","16,500",510.36:1,0.58%,하나증권,440320
시큐센,2023.06.14,"2,000~2,400","3,000","3,896",1800.86:1,12.47%,신한투자증권,232830
알멕,2023.06.14,"40,000~45,000","50,000","40,000","1,697.23:1",51.12%,NH투자증권,354320
하나스팩29호,2023.06.12,"2,000~2,000","2,000","9,000",512.17:1,-,하나증권,454640
KB스팩25호,2023.06.08,"2,000~2,000","2,000","8,000",459.10:1,8.05%,케이비증권,455250
하이스팩8호,2023.06.07,"2,000~2,000","2,000","8,500",413.20:1,-,하이투자증권,450050
NH스팩29호,2023.06.07,"2,000~2,000","2,000","25,500",70.13:1,-,NH투자증권,451700
프로테옴텍,2023.05.31,"5,400~6,600","4,500","10,800",94.10:1,21.25%,키움증권,303360
큐라티스,2023.05.30,"6,500~8,000","4,000","22,750",52.89:1,-,"대신증권,신영증권",348080
마녀공장,2023.05.22,"12,000~14,000","16,000","24,000","1,800.47:1",38.57%,"한국투자증권,유진투자증권",439090
나라셀라,2023.05.16,"20,000~24,000","20,000","29,000",178.47:1,1.19%,신영증권,405920
진영(구.진영엘디엠),2023.05.16,"3,600~4,200","5,000","15,300","1,595.70:1",9.17%,하이투자증권,285800
기가비스,2023.05.09,"34,400~39,700","43,000","76,308","1,669.60:1",49.52%,삼성증권,420770
모니터랩,2023.05.03,"7,500~9,800","9,800","15,000","1,715.41:1",6.06%,미래에셋증권,434480
씨유박스,2023.05.03,"17,200~23,200","15,000","25,800",86.44:1,3.69%,"신한투자증권,SK증권,,신영증권",340810
키움스팩8호,2023.05.02,"2,000~2,000","2,000","10,000",21.25:1,-,키움증권,446840
트루엔,2023.04.27,"10,000~12,000","12,000","25,000","1,688.87:1",8.24%,미래에셋증권,417790
에스바이오메딕스,2023.04.17,"16,000~18,000","18,000","12,000",854.29:1,1.94%,미래에셋증권,304360
토마토시스템,2023.04.10,"18,200~22,200","18,200","15,652",363.22:1,3.85%,교보증권,393210
마이크로투나노,2023.04.10,"13,500~15,500","15,500","13,500","1,716.98:1",10.83%,한국투자증권,424980
IBKS스팩22호,2023.03.22,"2,000~2,000","2,000","8,000",334.37:1,-,IBK투자증권,448760
미래에셋비전스팩3호,2023.03.21,"2,000~2,000","2,000","9,000",168.97:1,1.77%,미래에셋증권,448830
삼성FN리츠(유가),2023.03.20,"5,000~5,000","5,000","118,900",24.88,8.03%,삼성증권 한국투자증권 NH투자증권 KB증권,448730
하나스팩27호,2023.03.20,"2,000~2,000","2,000","10,000",37.12:1,-,하나증권,448370
지아이이노베이션,2023.03.15,"16,000~21,000","13,000","32,000",26.70:1,0.23%,"NH투자증권,하나증권,삼성증권",358570
엘비인베스트먼트,2023.03.13,"4,400~5,100","5,100","20,319","1,298.41:1",2.84%,미래에셋증권,309960
한화위탁관리부동산투자회사,2023.03.06,"5,000~5,000","5,000","116,000",7.2:1,55.78%,"한국투자증권,한화투자증권,SK증권",451800
유안타스팩12호,2023.03.02,"2,000~2,000","2,000","9,000",118.23:1,2.56%,유안타증권,446150
미래에셋드림스팩1호,2023.02.27,"10,000~10,000","10,000","70,000",63.11:1,1.58%,미래에셋증권,442900
금양그린파워,2023.02.23,"6,700~8,000","10,000","20,149","1,613.16:1",18.19%,삼성증권,282720
NH스팩28호,2023.02.20,"2,000~2,000","2,000","6,800",687.65 :1,6.40%,NH투자증권,450410
하나스팩26호,2023.02.16,"2,000~2,000","2,000","11,000",656.25:1,-,하나증권,446750
자람테크놀로지,2023.02.15,"16,000~20,000","22,000","14,880","1,702.43:1",11.42%,신영증권,389020
나노팀,2023.02.14,"11,500~13,000","13,000","23,575","1,723.21:1",25.64%,한국투자증권,417010
삼성스팩8호,2023.02.14,"10,000~10,000","10,000","40,000",992.31:1,4.33%,삼성증권,448740
유안타스팩13호,2023.02.13,"2,000~2,000","2,000","17,000",249.34:1,14.03%,유안타증권,449020
바이오인프라,2023.02.13,"18,000~21,000","21,000","11,700","1,594.95:1",-,DB금융투자,199730
미래에셋비전스팩2호,2023.02.07,"2,000~2,000","2,000","9,300",525.89:1,2.47%,미래에셋증권,446190
이노진,2023.02.06,"2,500~3,000","3,000","6,500",1603.33:1,6.36%,IBK투자증권,344860
샌즈랩,2023.02.01,"8,500~10,500","10,500","31,450","1,325.79:1",1.41%,키움증권,411080
제이오,2023.02.01,"10,000~13,000","13,000","40,000",352.61:1,4.33%,한국투자증권,418550
꿈비,2023.01.26,"4,000~4,500","5,000","8,000","1,547.13:1",12.24%,키움증권,407400
삼기이브이,2023.01.17,"13,800~16,500","11,000","49,018",37.51:1,0.45%,대신증권,419050
스튜디오미르,2023.01.16,"15,300~19,500","19,500","15,300","1,701.62:1",16.45%,미래에셋증권,408900
오브젠,2023.01.10,"18,000~24,000","18,000","13,967",98.49:1,2.22%,한국투자증권,417860
미래반도체,2023.01.10,"5,300~6,000","6,000","19,080",1576.56:1,3.95%,신한투자증권,254490
한주라이트메탈(구.한주금속),2023.01.04,"2,700~3,100","3,100","17,550",998.90:1,3.90%,"미래에셋증권, 현대차증권, 유진투자증권",198940
티이엠씨,2023.01.04,"32,000~38,000","28,000","70,400",31.33:1,0.42%,한화투자증권,425040
신영스팩9호,2022.12.12,"2,000~2,000","2,000","10,300",10.09:1,9.90%,신영증권,445970
바이오노트(유가),2022.12.08,"18,000~22,000","9,000","234,000",3.29:1,2.77%,NH투자증권,377740
비엔케이스팩1호,2022.12.05,"2,000~2,000","2,000","8,000",2.108:1,-,BNK투자증권,445360
IBKS스팩21호,2022.12.01,"2,000~2,000","2,000","8,000",14.73:1,-,IBK투자증권,442770
NH스팩27호,2022.11.30,"2,000~2,000","2,000","13,000",4.01:1,0.76%,NH투자증권,440820
대신밸런스스팩14호,2022.11.21,"2,000~2,000","2,000","11,000",37.55:1,7.98%,대신증권,442310
에스에이엠지엔터테인먼트,2022.11.17,"21,600~26,700","17,000","37,800",44.73:1,0.05%,NH투자증권,419530
유진스팩9호,2022.11.17,"2,000~2,000","2,000","6,500",112.30:1,2.67%,유진투자증권,442130
NH스팩26호,2022.11.15,"2,000~2,000","2,000","15,000",101.35:1,4.93%,NH투자증권,439410
대신밸런스스팩13호,2022.11.14,"2,000~2,000","2,000","10,000",173.27:1,15.00%,대신증권,438220
펨트론,2022.11.08,"10,000~11,000","8,000","11,000",129.06:1,11.41%,하나증권,168360
인벤티지랩,2022.11.08,"19,000~26,000","12,000","24,700",14.37:1,-,한국투자증권,389470
엔젯,2022.11.03,"12,000~15,200","10,000","25,200",42.15:1,6.00%,미래에셋증권,419080
티에프이,2022.11.03,"9,000~10,500","10,500","24,300","1,295.18:1",5.30%,IBK투자증권,425420
유비온,2022.11.02,"1,800~2,000","2,000","4,968",736.72:1,1.11%,미래에셋증권,084440
티쓰리엔터테인먼트,2022.11.01,"1,500~1,700","1,700","25,500","1,744.08:1",4.03%,미래에셋증권,204610
윤성에프앤씨,2022.10.26,"53,000~62,000","49,000","105,722",67.49:1,0.14%,미래에셋증권,372170
디티앤씨알오,2022.10.26,"22,000~25,000","17,000","30,800",74.53:1,-,키움증권,383930
뉴로메카,2022.10.20,"14,000~16,900","16,900","21,000","1,652.13:1",7.60%,대신증권,348340
제이아이테크,2022.10.20,"13,000~16,000","16,000","22,475",616.71:1,0.55%,미래에셋증권,417500
교보스팩13호,2022.10.19,"2,000~2,000","2,000","7,600",936.70:1,-,교보증권,440790
NH스팩25호,2022.10.18,"2,000~2,000","2,000","5,000",,-,NH투자증권,438580
큐알티,2022.10.18,"51,400~62,900","44,000","50,911",86.97,0.21%,미래에셋증권,405100
KB스팩23호,2022.10.18,"2,000~2,000","2,000","12,000","1,112.3:1",17.41%,KB증권,440200
IBKS스팩20호,2022.10.13,"2,000~2,000","2,000","8,000","1,116.94:1",-,IBK투자증권,439730
저스템,2022.10.13,"9,500~11,500","10,500","16,340",283.4:1,13.76%,미래에셋증권,417840
산돌,2022.10.12,"16,000~18,800","18,800","23,840",462.19:1,10.40%,KB증권,419120
삼성스팩7호,2022.10.11,"10,000~10,000","10,000","30,000","1,150.94:1",28.47%,삼성증권,439250
플라즈맵,2022.10.05,"9,000~11,000","7,000","15,939",39.78:1,1.91%,미래에셋증권,405000
한국스팩11호,2022.10.04,"2,000~2,000","2,000","10,000","1,194.35:1",20.26%,한국투자증권,436610
하나금융스팩25호,2022.10.04,"10,000~10,000","10,000","40,000",831.53:1,-,하나증권,435620
핀텔,2022.10.04,"7,500~8,900","8,900","15,000",558.92:1,8.74%,대신증권,291810
NH스팩24호,2022.10.04,"2,000~2,000","2,000","8,600",,-,NH투자증권,437780
샤페론,2022.09.29,"8,200~10,200","5,000","22,525",26:1,5.47%,NH투자증권,378800
에스비비테크,2022.09.28,"10,100~12,400","12,400","18,180","1,644.01:1",32.54%,미래에셋증권,389500
오에스피,2022.09.27,"6,300~8,400","8,400","12,952","1,582.84:1",4.66%,대신증권,368970
탑머티리얼,2022.09.27,"27,000~30,000","30,000","54,000",451.49:1,30.96%,한국투자증권,360070
이노룰스,2022.09.22,"11,000~12,500","12,500","12,702","1,495.69:1",6.02%,NH투자증권,296640
SK증권스팩8호,2022.09.20,"2,000~2,000","2,000","7,000","1,067.00:1",25.31%,SK증권,435870
모델솔루션,2022.09.19,"24,000~27,000","27,000","24,000","1,725.78:1",8.12%,KB증권,417970
유안타스팩10호,2022.09.16,"2,000~2,000","2,000","11,000","1,123.02:1",-,유안타증권,435380
선바이오,2022.09.16,"14,000~16,000","11,000","8,624",31.93:1,4.18%,하나증권,067370
알피바이오,2022.09.15,"10,000~13,000","13,000","12,000","1,556.04:1",11.12%,한국투자증권,314140
더블유씨피,2022.09.14,"80,000~100,000","60,000","720,000",33.28:1,4.24%,"KB증권,신한금융투자,삼성증권",393890
한화플러스스팩3호,2022.09.14,"2,000~2,000","2,000","10,000",,-,한화투자증권,430460
하나금융스팩24호,2022.09.13,"2,000~2,000","2,000","14,000",,-,하나증권,430230
오픈엣지테크놀로지,2022.09.07,"15,000~18,000","10,000","33,850",44.25:1,15.85%,삼성증권,394280
KB스타리츠(유가),2022.09.06,"5,000~5,000","5,000","153,500",,-,KB증권,432320
KB스팩22호,2022.09.05,"2,000~2,000","2,000","10,000",,-,KB증권,436530
하나금융스팩23호,2022.08.26,"2,000~2,000","2,000","9,000",,-,하나증권,427950
키움스팩7호,2022.08.23,"2,000~2,000","2,000","8,000",,-,키움증권,433530
신영스팩8호,2022.08.10,"2,000~2,000","2,000","12,500",,-,신영증권,430220
IBKS스팩19호,2022.08.09,"2,000~2,000","2,000","9,500",,-,IBK투자증권,426550
대성하이텍,2022.08.04,"7,400~9,000","9,000","24,586",1934.89:1,4.57%,신한금융투자,129920
쏘카(유가),2022.08.04,"34,000~45,000","28,000","101,920",56.07:1,0.17%,"미래에셋증권,삼성증권,유안타증권",403550
에이치와이티씨,2022.07.21,"13,000~15,000","15,000","29,380",1480.78:1,6.08%,"신영증권,유진투자증권,현대차증권",148930
새빗켐,2022.07.20,"25,000~30,000","35,000","26,750",1670.90:1,37.70%,한국투자증권,107600
유안타스팩9호,2022.07.19,"2,000~2,000","2,000","10,000",,-,유안타증권,430700
수산인더스트리(유가),2022.07.14,"35,000~43,100","35,000","200,025",130.37:1,18.94%,"삼성증권,미래에셋증권",126720
에이프릴바이오,2022.07.13,"20,000~23,000","16,000","32,400",14.43 :1,10.66%,NH투자증권,397030
신한스팩10호,2022.07.13,"2,000~2,000","2,000","6,500",,-,신한금융투자,418210
아이씨에이치,2022.07.13,"34,000~44,000","34,000","40,120",57.28:1,12.47%,삼성증권,368600
성일하이텍,2022.07.11,"40,700~47,500","50,000","108,669",2269.68:1,38.66%,"KB증권,대신증권,삼성증권",365340
IBKS스팩18호,2022.07.07,"2,000~2,000","2,000","8,000",,-,IBK투자증권,424760
루닛,2022.07.07,"44,000~49,000","30,000","53,429",7.10 :1,1.65%,NH투자증권,328130
대신밸런스12호스팩,2022.06.30,"2,000~2,000","2,000","10,000",,-,대신증권,426670
에이치피에스피,2022.06.29,"23,000~25,000","25,000","69,000",1511.36:1,42.54%,NH투자증권,403870
영창케미칼,2022.06.27,"15,000~18,600","18,600","36,000",1616.27:1,5.92%,하나증권,112290
코난테크놀로지,2022.06.21,"21,000~25,000","25,000","25,200",1482.6:1,7.07%,한국투자증권,402030
삼성스팩6호,2022.06.16,"2,000~2,000","2,000","10,000",,-,삼성증권,425290
넥스트칩,2022.06.16,"9,900~11,600","13,000","25,740",1623.41:1,11.58%,대신증권,396270
NH스팩23호,2022.06.13,"2,000~2,000","2,000","12,300",,-,NH투자증권,422040
위니아에이드,2022.06.09,"14,200~16,200","16,200","76,198",955:1,1.39%,신한금융투자,377460
레이저쎌,2022.06.09,"12,000~14,000","16,000","19,200",1442.95:1,12.43%,삼성증권,412350
KB스팩21호,2022.06.08,"2,000~2,000","2,000","15,000",,-,KB증권,424140
교보스팩12호,2022.06.08,"2,000~2,000","2,000","11,500",,-,교보증권,421800
보로노이,2022.06.08,"40,000~46,000","40,000","52,000",28.35 :1,-,"한국투자증권,미래에셋증권",310210
범한퓨얼셀,2022.06.02,"32,200~40,000","40,000","68,779",751.39:1,10.75%,"NH투자증권,한국투자증권,하이투자증권,DB금융투자",382900
비플라이소프트,2022.06.02,"16,500~19,000","10,000","16,500",111.05:1,0.76%,IBK투자증권,148780
청담글로벌,2022.05.17,"8,400~9,600","6,000","53,270",24.79 :1,16.47%,"KB증권,대신증권",362320
하나금융스팩22호,2022.05.11,"2,000~2,000","2,000","10,000",,-,하나증권,418170
가온칩스,2022.05.02,"11,000~13,000","14,000","22,000",1847.12:1,14.70%,대신증권,399720
마스턴프리미어리츠(유가),2022.05.02,"5,000~5,000","5,000","59,300",,-,삼성증권,357430
대명에너지,2022.04.27,"15,000~18,000","15,000","37,500",254.74:1,1.18%,"한국투자증권,삼성증권",389260
상상인스팩3호,2022.04.14,"2,000~2,000","2,000","9,000",,-,상상인증권,415580
포바이포,2022.04.14,"11,000~14,000","17,000","19,524",1846.32 :1,55.52%,미래에셋증권,389140
신영스팩7호,2022.04.13,"2,000~2,000","2,000","8,400",,-,신영증권,419270
신한스팩9호,2022.04.12,"2,000~2,000","2,000","8,000",,-,신한금융투자,405640
미래에셋비전스팩1호,2022.04.05,"2,000~2,000","2,000","11,700",,-,미래에셋증권,412930
키움스팩6호,2022.03.23,"2,000~2,000","2,000","6,400",,-,키움증권,413600
지투파워,2022.03.17,"13,500~16,400","16,400","11,947",1729.63:1,11.16%,"한국투자증권,KB증권",388050
유진스팩8호,2022.03.17,"2,000~2,000","2,000","10,000",,-,유진투자증권,413630
세아메카닉스,2022.03.10,"3,500~4,000","4,400","23,275",1812.83:1,6.73%,신한금융투자,396300
공구우먼,2022.03.07,"26,000~31,000","20,000","36,400",56.9:1,2.65%,미래에셋증권,366030
유일로보틱스,2022.02.24,"7,600~9,200","10,000","16,340",1756.45:1,15.92%,한국투자증권,388720
모아데이타,2022.02.21,"24,000~28,000","20,000","19,200",114.19:1,0.87%,하나금융투자,288980
코람코더원리츠(유가),2022.02.21,"5,000~5,000","5,000","97,500",,-,"하나금융투자,삼성증권",417310
SK증권스팩7호,2022.02.16,"2,000~2,000","2,000","6,000",,-,SK증권,408920
비씨엔씨,2022.02.16,"9,000~11,500","13,000","22,500",1831.23:1,22.84%,NH투자증권,146320
노을,2022.02.15,"13,000~17,000","10,000","19,500",31.50:1,-,"한국투자증권, 삼성증권",376930
브이씨,2022.02.10,"15,000~19,500","15,000","15,000",190.59:1,19.93%,한국투자증권,365900
풍원정밀,2022.02.10,"13,200~15,200","15,200","39,600",1556.53:1,11.00%,대신증권,371950
스톤브릿지벤처스,2022.02.09,"9,000~10,500","8,000","40,500",20.06:1,-,"KB증권,삼성증권",330730
하나금융스팩21호,2022.02.09,"2,000~2,000","2,000","12,000",,-,하나금융투자,406760
퓨런티어,2022.02.07,"11,400~13,700","15,000","18,240",1535.42:1,11.08%,"유안타증권,신한금융투자",370090
IBKS스팩17호,2022.02.03,"2,000~2,000","2,000","5,000",,-,IBK투자증권,405350
한국스팩10호,2022.01.25,"2,000~2,000","2,000","9,000",,-,한국투자증권,409570
바이오에프디엔씨,2022.01.24,"23,000~29,000","28,000","29,900",74.01:1,11.80%,DB금융투자,251120
인카금융서비스,2022.01.24,"23,000~27,000","18,000","20,235",13.69:1,4.19%,한국투자증권,211050
나래나노텍,2022.01.17,"17,500~20,500","17,500","54,250",102:1,0.97%,미래에셋증권,137080
아셈스,2022.01.17,"7,000~8,000","8,000","14,000",1618.26:1,7.71%,한국투자증권,136410
스코넥,2022.01.13,"9,000~12,000","13,000","20,036",1724.66:1,59.95%,신영증권,276040
이지트로닉스,2022.01.13,"19,000~22,000","22,000","37,620",1343.51:1,2.94%,NH투자증권,377330
LG에너지솔루션(유가),2022.01.11,"257,000~300,000","300,000","10,922,500",2023.37:1,77.38%,"KB증권,대신증권,신한금융,미래에셋증권,신영증권,하나금융,하이투자",373220
애드바이오텍,2022.01.06,"7,000~8,000","7,000","9,520",102.15:1,-,대신증권,179530
디비금융스팩10호,2022.01.06,"2,000~2,000","2,000","10,000",,-,DB금융투자,404950
케이옥션,2022.01.06,"17,000~20,000","20,000","27,200",1638.36:1,36.80%,신영증권,102370
오토앤,2022.01.05,"4,200~4,800","5,300","12,085",1713:1,8.34%,"미래에셋증권,현대차증권",353590
래몽래인,2021.12.15,"11,500~13,000","15,000","13,800",1545.68:1,17.75%,IBK투자증권,200350
하나금융스팩20호,2021.12.13,"2,000~2,000","2,000","6,000",,-,하나금융투자,400560
NH스팩22호,2021.12.13,"2,000~2,000","2,000","12,000",,-,NH투자증권,396770
하이스팩7호,2021.12.06,"2,000~2,000","2,000","10,000",,-,하이투자증권,400840
교보스팩11호,2021.12.06,"2,000~2,000","2,000","8,400",,-,교보증권,397880
케이티비네트워크,2021.11.29,"5,800~7,200","5,800","116,000",50.19:1,6.94%,"한국투자증권,NH투자증권,삼성증권,유진투자증권,하이투자증권,KB증권",298870
툴젠,2021.11.25,"100,000~120,000","70,000","100,000",29.54:1,0.10%,한국투자증권,199800
대신밸런스스팩11호,2021.11.17,"2,000~2,000","2,000","13,000",,-,대신증권,397500
신한서부티엔디리츠(유가),2021.11.17,"5,000~5,000","5,000","134,889",564.84:1,15.28%,"한국투자증권,신한금융투자,하나금융투자",404990
미래에셋글로벌리츠(유가),2021.11.15,"5,000~5,000","5,000","75,100",1019.58:1,17.34%,"미래에셋증권,KB증권,NH투자증권",396690
마인즈랩,2021.11.08,"26,000~30,000","30,000","15,715",197.55:1,19.74%,"NH투자증권,하나금융투자",377480
알비더블유,2021.11.05,"18,700~21,400","21,400","23,431",1719.61 :1,15.98%,미래에셋증권,361570
바이옵트로,2021.11.03,"7,500~8,500","7,500","7,500",205.12:1,0.98%,한국투자증권,222160
트윔,2021.11.02,"17,800~20,400","22,000","21,716",1627.34:1:,9.20%,대신증권,290090
지오엘리먼트,2021.10.28,"7,600~8,700","10,000","11,757",1613.84 :1,15.23%,NH투자증권,311320
NH올원리츠(유가),2021.10.28,"5,000~5,000","5,000","140,500",628.2:1,17.07%,"한국투자증권,NH투자증권,대신증권",400760
비트나인,2021.10.25,"8,700~9,700","11,000","18,017",1662.29:1,5.96%,하나금융투자,357880
디어유,2021.10.25,"18,000~24,000","26,000","59,400",2001.11:1,37.46%,한국투자증권,376300
아이티아이즈,2021.10.25,"12,500~14,300","14,300","22,212",1601.14:1,9.11%,신한금융투자,372800
지니너스,2021.10.21,"24,700~32,200","20,000","49,400",66.03:1,0.10%,"대신증권,NH투자증권",389030
카카오페이(유가),2021.10.20,"60,000~90,000","90,000","1,020,000",1714.47:1,70.44%,"삼성증권,대신증권,한국투자증권,신한금융투자",377300
피코그램,2021.10.19,"11,000~12,500","12,500","11,000",1472.19:1,12.96%,IBK투자증권,376180
엔켐,2021.10.15,"30,000~35,000","42,000","67,878",1647.40 :1,64.45%,"대신증권,신한금융투자",348370
리파인,2021.10.14,"21,000~24,000","21,000","90,930",64.19:1,3.22%,KB증권,377450
지앤비에스엔지니어링,2021.10.14,"14,300~17,400","17,400","20,377",1134.34:1,4.37%,삼성증권,382800
아이패밀리에스씨,2021.10.12,"39,000~48,000","25,000","38,142",63.10:1,-,삼성증권,114840
차백신연구소,2021.10.05,"11,000~15,000","11,000","43,450",206.23:1,1.93%,삼성증권,261780
지아이텍,2021.10.05,"11,500~13,100","14,000","31,050",2068.17 :1,25.28%,미래에셋증권,382480
NH스팩21호,2021.09.28,"2,000~2,000","2,000","12,500",,-,NH투자증권,391710
씨유테크,2021.09.23,"5,100~5,600","6,000","26,775",1565.03:1,22.76%,대신증권,376290
아스플로,2021.09.16,"19,000~22,000","25,000","11,970",2142.7:1,12.10%,미래에셋증권,159010
원준,2021.09.15,"52,000~60,000","65,000","52,249",1464.10:1,44.30%,NH투자증권,382840
하나금융스팩19호,2021.09.15,"2,000~2,000","2,000","11,000",,-,하나금융투자,388220
NH스팩20호,2021.09.14,"2,000~2,000","2,000","40,000",,-,NH투자증권,391060
케이카(유가),2021.09.13,"34,300~43,200","25,000","577,278",40:1,-,"NH투자증권,대신증권,삼성증권,하나금융투자",381970
실리콘투,2021.09.09,"23,800~27,200","27,200","39,365",1437.63:1,8.37%,"삼성증권,미래에셋증권",257720
프롬바이오,2021.09.09,"21,500~24,500","18,000","64,500",85.71:1,1.45%,NH투자증권,377220
신한스팩8호,2021.09.08,"2,000~2,000","2,000","12,500",,-,신한금융투자,393360
바이오플러스,2021.09.08,"28,500~31,500","31,500","39,900",1220.2:1,7.80%,키움증권,099430
에스앤디,2021.09.07,"30,000~32,000","28,000","30,690",173.11:1,0.01%,유진투자증권,260970
현대중공업(유가),2021.09.02,"52,000~60,000","60,000","936,000",1835.87:1,53.09%,"미래에셋,한국투자,하나금융,KB증권,삼성증권,대신증권,DB금융,신영증권",329180
유진스팩7호,2021.08.26,"2,000~2,000","2,000","8,000",,-,유진증권,388800
와이엠텍,2021.08.25,"21,000~25,000","28,000","12,600",1696.19:1,31.59%,KB증권,273640
에이비온,2021.08.24,"14,500~17,000","17,000","33,060",139.36:1,4.30%,"미래에셋증권,한화투자증권,유진투자증권",203400
SK리츠(유가),2021.08.23,"5,000~5,000","5,000","232,551",,-,"한국투자증권,삼성증권,SK증권,하나금융투자",395400
일진하이솔루스(유가),2021.08.19,"25,700~34,300","34,300","279,975",1471.01:1,61.52%,"미래에셋증권,삼성증권,현대차증권,대신증권",271940
IBKS스팩16호,2021.08.19,"2,000~2,000","2,000",100,,-,IBK투자증권,388790
바이젠셀,2021.08.06,"42,800~52,700","52,700","80,741",1271.21:1,13.61%,"대신증권,KB증권",308080
브레인즈컴퍼니,2021.08.03,"20,000~22,500","25,000","12,000",1428.8:1,8.92%,키움증권,099390
롯데렌탈(유가),2021.08.03,"47,000~59,000","59,000","677,834",217.63:1,14.65%,"NH투자증권,한국투자증권,KB증권,미래에셋증권,삼성증권,신한금융,키움증권,하나금융",089860
딥노이드,2021.08.02,"31,500~42,000","42,000","9,450",1179.07:1,7.29%,KB증권,315640
아주스틸(유가),2021.08.02,"12,700~15,100","15,100","88,106",1776.9:1,16.33%,미래에셋증권,139990
플래티어,2021.07.30,"8,500~10,000","11,000","15,300",1631:1,18.29%,"KB증권,하나금융투자",367000
엠로,2021.07.29,"20,100~22,600","22,600","20,423",685.60:1,6.97%,한국투자증권,058970
한컴라이프케어(유가),2021.07.29,"10,700~13,700","13,700","88,834",418.99:1,3.27%,미래에셋증권,372910
원티드랩,2021.07.26,"28,000~35,000","35,000","20,440",1503.91:1,10.98%,한국투자증권,376980
디앤디플랫폼리츠,2021.07.26,"5,000~5,000","5,000","175,000",,-,"NH투자증권,신한금융투자,대신증권",377190
에이치케이이노엔,2021.07.22,"50,000~59,000","59,000","505,850",1871.36:1,13.49%,"한국투자증권,삼성증권",195940
한화플러스스팩2호,2021.07.21,"2,000~2,000","2,000","7,500",,-,한화투자증권,386580
카카오뱅크(유가),2021.07.20,"33,000~39,000","39,000","2,159,850",1732.83:1,45.28%,"KB증권,한국투자증권,하나금융투자,현대차증권",323410
크래프톤(유가),2021.07.14,"400,000~498,000","498,000","3,461,692",243.15:1,22.05%,"미래에셋증권,NH투자증권,삼성증권",259960
에브리봇,2021.07.13,"32,600~36,700","36,700","36,512",576.74:1,0.67%,NH투자증권,270660
맥스트,2021.07.12,"11,000~13,000","15,000","11,000",1587.01:1,39.13%,하나금융투자,377030
큐라클,2021.07.07,"20,000~25,000","25,000","42,666",1219.27:1,7.23%,"삼성증권,NH투자증권",365270
에스디바이오센서(유가),2021.07.05,"45,000~52,000","52,000","559,899",1143.76:1,12.45%,"NH투자증권,한국투자증권,삼성증권,KB증권",137310
오비고,2021.06.28,"12,400~14,300","14,300","27,426",1123.74 :1,7.68%,NH투자증권,352910
아모센스,2021.06.10,"12,400~15,200","12,400","34,470",116.79:1,2.57%,신한금융투자,357580
삼성머스트스팩5호,2021.06.03,"2,000~2,000","2,000","8,000",,-,삼성증권,380320
이노뎁,2021.06.03,"14,000~18,000","18,000","14,700",1573.93:1,6.05%,하이투자증권,303530
라온테크,2021.05.31,"12,800~15,800","18,000","6,400",1526.2:1,8.90%,KB증권,232680
엘비루셈,2021.05.26,"12,000~14,000","14,000","72,000",1419.23:1,4.48%,"한국투자증권,KB증권",376190
에이디엠코리아,2021.05.17,"2,900~3,300","3,800","13,050",1515.98:1,12.35%,하나금융투자,187660
제주맥주,2021.05.10,"2,600~2,900","3,200","21,741",1356.43:1,5.47%,대신증권,276730
삼영에스앤씨,2021.05.06,"7,800~10,000","11,000","8,619",1762.39 :1,15.27%,미래에셋증권,361670
삼성스팩4호,2021.05.06,"2,000~2,000","2,000","7,400",,-,삼성증권,377630
진시스템,2021.05.06,"16,000~20,000","20,000","22,800",934.07:1,1.50%,삼성증권,363250
NH스팩19호(유가),2021.05.06,"2,000~2,000","2,000","96,000",,-,NH투자증권,380440
샘씨엔에스,2021.05.03,"5,000~5,700","6,500","60,000",1537.67:1,26.07%,대신증권,252990
씨앤씨인터내셔널,2021.04.28,"35,000~47,500","47,500","51,800",1029.14:1,5.28%,"NH투자증권,삼성증권,대신증권",352480
에이치피오,2021.04.27,"22,200~25,400","22,200","88,525",252.13:1,4.12%,"대신증권,키움증권",357230
하이스팩6호,2021.04.22,"2,000~2,000","2,000","8,500",,-,하이투자증권,377400
SK아이이테크놀로지(유가),2021.04.22,"78,000~105,000","105,000","1,668",1882.88:1,63.20%,"미래에셋증권,한국투자증권,SK증권,삼성증권,NH투자증권",361610
쿠콘,2021.04.13,"31,000~40,000","45,000","49,981",1594.61:1,30.90%,"하나금융투자,삼성증권",294570
해성티피씨,2021.04.06,"9,500~11,500","13,000","9,500",1508.95:1,16.05%,한국투자증권,059270
이삭엔지니어링,2021.04.06,"9,500~11,500","11,500","19,950",1427.15:1,20.73%,신한금융투자,351330
유진스팩6호,2021.03.23,"2,000~2,000","2,000","5,600",,-,유진증권,373340
유안타스팩8호,2021.03.19,"2,000~2,000","2,000","12,500",,-,유안타증권,367480
엔시스,2021.03.16,"13,000~16,500","19,000","29,900",1467.73:1,21.73%,미래에셋증권,333620
자이언트스텝,2021.03.09,"9,000~11,000","11,000","12,600",1691.65:1,24.42%,한국투자증권,289220
제노코,2021.03.09,"27,000~33,000","36,000","13,230",1452.49:1,22.15%,DB금융투자,361390
라이프시맨틱스,2021.03.08,"9,000~12,500","12,500","9,000",1402.17:1,3.78%,한국투자증권,347700
SK바이오사이언스(유가),2021.03.04,"49,000~65,000","65,000","1,124,550",1275.47:1,59.92%,"NH투자증권,한국투자증권,미래에셋증권,SK증권,삼성증권,하나금융투자",302440
바이오다인,2021.03.02,"22,500~28,700","30,000","22,500",1364.85:1,8.80%,대신증권,314930
디비금융스팩9호,2021.03.02,"2,000~2,000","2,000","8,000",,-,DB금융투자,367360
싸이버원,2021.02.24,"7,600~8,300","9,500","10,343",1303.1:1,9.70%,키움증권,356890
네오이뮨텍,2021.02.23,"5,400~6,400","7,500","81,000",1374.09:1,25.54%,"하나금융투자,미래에셋대우",950220
프레스티지바이오로직스,2021.02.23,"8,700~12,400","12,400","63,945",369.91:1,6.50%,"미래에셋증권,유안타증권",334970
나노씨엠에스,2021.02.22,"14,500~18,500","20,000","11,600",1295.75:1,6.65%,키움증권,247660
하나머스트스팩7호,2021.02.17,"2,000~2,000","2,000","7,000",,-,하나금융투자,372290
IBKS스팩15호,2021.02.15,"2,000~2,000","2,000","6,400",,-,IBK투자증권,373200
뷰노,2021.02.08,"15,000~19,500","21,000","27,000",1457.21:1,23.80%,"미래에셋대우,삼성증권",338220
씨이랩,2021.02.08,"23,000~31,000","35,000","16,900",1371.37:1,12.97%,아이비케이투자증권,189330
오로스테크놀로지,2021.02.08,"17,000~21,000","21,000","32,300",1260:1,37.12%,키움증권,322310
유일에너테크,2021.02.04,"11,000~14,000","16,000","26,567",1427.69:1,61.06%,신영증권,340930
피엔에이치테크,2021.01.28,"14,000~17,000","18,000","9,632",1454.47:1,9.58%,한국투자증권,239890
하나금융스팩17호,2021.01.25,"2,000~2,000","2,000","12,000",,-,하나금융투자,363260
아이퀘스트,2021.01.20,"9,200~10,600","11,000","18,400",1504.02:1,18.70%,미래에셋대우,262840
프레스티지바이오파마(유가),2021.01.19,"25,000~32,000","32,000","383,541",819.76:1,19.31%,"삼성증권,KB증권",950210
와이더플래닛,2021.01.18,"12,000~15,000","16,000","12,000",1449.22:1,9.59%,한국투자증권,321820
레인보우로보틱스,2021.01.18,"7,000~9,000","10,000","18,550",1489.9:1,19.90%,"미래에셋대우,대신증권",277810
신한스팩7호,2021.01.18,"2,000~2,000","2,000","8,000",,-,신한금융투자,366330
솔루엠(유가),2021.01.14,"13,700~15,500","17,000","87,680",1167.55:1,20.79%,"미래에셋대우,케이비증권,하나금융투자,신한금융투자,삼성증권",248070
모비릭스,2021.01.14,"10,500~14,000","14,000","18,900",1407.53:1,5.73%,"한국투자증권,KB증권,신영증권",348030
핑거,2021.01.14,"13,000~15,000","16,000","16,900",1453.12:1,12.64%,대신증권,163730
씨앤투스성진,2021.01.12,"26,000~32,000","32,000","41,600",1010.02:1,1.70%,미래에셋대우,352700
선진뷰티사이언스,2021.01.12,"10,100~11,500","11,500","18,533",1431:1,17.83%,"신한금융투자,삼성증권",086710
엔비티,2021.01.06,"13,200~17,600","19,000","10,982",1425.3:1,10.70%,미래에셋대우,236810
한국스팩9호,2021.01.06,"2,000~2,000","2,000","8,000",,-,한국투자증권,368770
석경에이티,2020.12.10,"8,000~10,000","10,000","8,000",1390.29:1,6.68%,한국투자증권,357550
대신밸런스스팩9호,2020.12.09,"2,000~2,000","2,000","7,000",,-,대신증권,369370
프리시젼바이오,2020.12.08,"10,500~12,500","12,500","15,750",1231.23:1,1.62%,한국투자증권,335810
지놈앤컴퍼니,2020.12.07,"36,000~40,000","40,000","72,000",1163.49:1,9.08%,한국투자증권,314130
엔에이치스팩18호,2020.12.07,"2,000~2,000","2,000","7,000",,-,NH투자증권,365590
알체라,2020.12.03,"8,000~10,000","10,000","16,000",1315.61:1,3.88%,"신영증권,NH투자증권",347860
에이치엠씨아이비스팩5호,2020.12.02,"2,000~2,000","2,000","10,000",,-,현대차증권,353060
에프앤가이드,2020.12.02,"5,200~6,500","7,000","8,456",1327.98:1,7.60%,"신영증권,삼성증권",064850
티엘비,2020.11.30,"33,200~38,000","38,000","33,200",1318.82:1,6.10%,DB금융투자,356860
인바이오,2020.11.25,"5,100~5,800","5,800","8,313",1386.04:1,8.23%,한국투자증권,352940
퀀타매트릭스,2020.11.25,"19,700~25,500","25,500","33,627",185.56:1,4.60%,미래에셋대우,317690
이에스알켄달스퀘어리츠(유가),2020.11.25,"5,000~5,000","5,000","357,295",,-,"한국투자증권, 씨티증권, 모간스탠리",365550
명신산업(유가),2020.11.24,"4,900~5,800","6,500","77,071",1195.69:1,30.60%,"미래에셋대우,현대차증권,하나금융투자,케이비증권",009900
디비금융스팩8호,2020.11.24,"2,000~2,000","2,000","10,000",,-,DB금융투자,367340
엔젠바이오,2020.11.23,"10,500~14,000","14,000","34,216",1006.96:1,3.33%,삼성증권,354200
앱코,2020.11.17,"21,400~24,300","24,300","53,649",1141.02:1,3.64%,미래에셋대우,129890
클리노믹스,2020.11.17,"10,900~13,900","13,900","21,498",494.20:1,2.05%,대신증권,352770
엔에프씨,2020.11.16,"10,200~13,400","13,400","20,400",979.94:1,6.15%,삼성증권,265740
포인트모바일,2020.11.16,"13,000~15,000","15,000","14,233",1447.07:1,18.19%,하나금융투자,318020
제일전기공업,2020.11.10,"15,000~17,000","17,000","43,500",1196.21:1,8.86%,"하나금융투자,한화투자증권",199820
티앤엘,2020.11.09,"34,000~38,000","36,000","27,200",338.91:1,0.41%,한국투자증권,340570
하나기술,2020.11.09,"31,000~35,000","35,000","24,800",1393.98:1,16.83%,하나금융투자,299030
에이플러스에셋어드바이저(유가),2020.11.05,"10,500~12,300","7,500","29,379",3.66:1,25.40%,"NH투자증권,IBK투자증권",244920
고바이오랩,2020.11.03,"18,000~23,000","15,000","43,200",64.33:1,0.03%,"삼성증권,대신증권",348150
네패스아크,2020.11.02,"23,400~26,500","26,500","54,765",707.7:1,1.60%,미래에셋대우,330860
교촌에프앤비(유가),2020.10.28,"10,600~12,300","12,300","61,480",999.44:1,3.90%,미래에셋대우,339770
소룩스,2020.10.23,"8,000~10,000","10,000","15,789",1135.7:1,0.80%,미래에셋대우,290690
위드텍,2020.10.14,"21,000~25,000","25,000","22,260",1336.49:1,23.53%,하나금융투자,348350
센코,2020.10.13,"10,000~13,000","13,000","16,120",848.37:1,2.20%,한국투자증권,347000
바이브컴퍼니,2020.10.12,"23,000~28,000","28,000","14,950",1221.45:1,7.96%,"한국투자증권,신영증권",301300
미코바이오메드,2020.10.06,"12,000~15,000","15,000","30,000",159.15:1,0.02%,KB증권,214610
하이브(구.빅히트)(유가),2020.09.24,"105,000~135,000","135,000","748,650",1117.25:1,43.85%,"NH투자증권,한국투자증권,미래에셋대우,키움증권",352820
피플바이오,2020.09.23,"25,000~30,000","20,000","12,500",40.4:1,-,키움증권,304840
넥스틴,2020.09.18,"61,500~75,400","75,400","19,680",30.25:1,23.30%,케이비증권,348210
원방테크,2020.09.08,"43,000~54,300","54,300","55,156",406.8:1,3.20%,미래에셋대우,053080
엔에이치스팩17호,2020.09.08,"2,000~2,000","2,000","12,000",,-,NH투자증권,359090
비나텍,2020.09.07,"27,000~32,000","33,000","19,800",1098.10:1,22.47%,대신증권,126340
박셀바이오,2020.09.03,"30,000~35,000","30,000","29,554",94.18:1,11.68%,하나금융투자,323990
압타머사이언스,2020.09.02,"20,000~25,000","25,000","26,000",830.32:1,3.27%,키움증권,291650
비비씨,2020.09.02,"27,100~30,700","30,700","32,520",977.5:1,3.90%,미래에셋대우,318410
핌스,2020.09.02,"15,000~19,000","19,000","30,000",1210.28:1,4.39%,DB금융투자,347770
교보스팩10호,2020.08.31,"2,000~2,000","2,000","7,500",,-,교보증권,355150
이오플로우,2020.08.27,"18,000~21,000","19,000","25,200",150.87:1,14.83%,하나금융투자,294090
카카오게임즈,2020.08.26,"20,000~24,000","24,000","320,000",1478.53:1,58.59%,"한국투자증권,삼성증권,KB증권",293490
피엔케이피부임상연구센타,2020.08.25,"16,100~18,300","18,300","35,951",1372.51:1,17.10%,미래에셋대우,347740
미래에셋대우스팩5호,2020.08.10,"2,000~2,000","2,000","9,400",,-,미래에셋대우,353490
아이디피,2020.08.06,"8,800~9,800","9,800","14,080",894:1,7.40%,키움증권,332370
셀레믹스,2020.08.03,"16,100~20,000","20,000","21,252",1203.41:1,5.41%,대신증권,331920
브랜드엑스코퍼레이션,2020.07.30,"12,400~15,300","13,000","47,085",47.06:1,-,"대신증권,삼성증권",337930
미투젠,2020.07.30,"21,000~27,000","27,000","67,183",1114.56:1,1.35%,미래에셋대우,950190
코람코에너지플러스리츠(유가),2020.07.28,"5,000~5,000","5,000","106,600",,-,"NH투자증권,대신증권,신영증권,이베스트투자증권,한국투자증권",357120
영림원소프트랩,2020.07.27,"9,500~11,500","11,500","16,150",1269.3:1,4.30%,미래에셋대우,060850
한국파마,2020.07.22,"6,500~8,500","9,000","21,079",1296.86:1,-,"미래에셋대우,SK증권",032300
이루다,2020.07.20,"7,500~9,000","9,000","13,500",1316.5:1,7.80%,미래에셋대우,164060
와이팜,2020.07.16,"9,700~11,000","11,000","72,054",407.01:1,8.01%,NH투자증권,332570
제이알글로벌리츠(유가),2020.07.16,"5,000~5,000","5,000","485,000",,-,"KB증권,메리츠증권,대신증권",348950
에이치엠씨아이비스팩4호,2020.07.15,"2,000~2,000","2,000","8,000",,-,현대차증권,353070
이엔드디,2020.07.14,"12,350~14,400","14,400","28,899",1168.72:1,8.99%,아이비케이투자증권,101360
엠투아이,2020.07.09,"15,600~18,900","15,600","52,026",61.70:1,1.60%,미래에셋대우,347890
더네이쳐홀딩스,2020.07.08,"45,000~50,000","46,000","54,000",97.21:1,8.46%,한국투자증권,298540
제놀루션,2020.07.08,"12,000~14,000","14,000","9,600",1161.09:1,21.36%,신영증권,225220
미래에셋맵스리츠1호(유가),2020.07.08,"5,000~5,000","5,000","72,000",,-,"미래에셋대우,신한금융투자,SK증권",357250
솔트룩스,2020.07.07,"24,000~30,000","25,000","18,000",528.17:1,5.58%,한국투자증권,304100
하나금융스팩16호,2020.07.07,"2,000~2,000","2,000","2,800,000",,-,하나금융투자,343510
티에스아이,2020.07.06,"7,500~9,500","10,000",500,1283.73:1,4.97%,한국투자증권,277880
에이프로,2020.07.02,"19,000~21,600","21,600","25,990",1090.80:1,10.46%,NH투자증권,262260
IBKS스팩13호,2020.07.01,"2,000~2,000","2,000","9,500",,-,아이비케이투자증권,351340
이지스레지던스리츠(유가),2020.06.30,"5,000~5,000","5,000","89,500",,-,"삼성증권,디비금융투자,유안타증권",350520
소마젠,2020.06.22,"11,000~15,000","11,000","46,200",69.46:1,-,신한금융투자,950200
신도기연,2020.06.22,"14,000~16,000","16,000","18,200",1272.90:1,14.51%,한국투자증권,290520
위더스제약,2020.06.18,"13,900~15,900","15,900","22,240",1033.41:1,17.36%,"NH투자증권,삼성증권",330350
SK바이오팜(유가),2020.06.17,"36,000~49,000","49,000","704,819",835.66:1,81.15%,"NH투자증권,한국투자증권,SK증권,하나금융투자",326030
마크로밀엠브레인,2020.06.15,"5,200~6,400","6,800","7,280",1056.80:1,19.39%,NH투자증권,169330
젠큐릭스,2020.06.10,"22,700~26,100","22,700","22,700",77.03:1,-,미래에셋대우,229000
이지스밸류플러스리츠(유가),2020.06.10,"5,000~5,000","5,000","118,500",87.09:1,8.70%,"삼성증권,한화투자증권,신영증권",334890
IBKS스팩14호,2020.06.08,"2,000~2,000","2,000","8,000",,-,아이비케이투자증권,351320
엘이티,2020.06.04,"6,400~7,800","7,800","14,060",1255.9:1,24.50%,미래에셋대우,297890
엔에이치스팩16호,2020.06.03,"2,000~2,000","2,000","7,500",,-,NH투자증권,353190
에스씨엠생명과학,2020.06.02,"14,000~17,000","17,000","25,200",1032.17:1,7.70%,한국투자증권,298060
드림씨아이에스,2020.05.07,"13,000~14,900","14,900","17,612",926.11:1,6.82%,NH투자증권,223250
이베스트스팩5호,2020.05.06,"2,000~2,000","2,000",-,,-,이베스트투자증권,349720
케이프이에스스팩4호,2020.03.09,"2,000~2,000","2,000","5,000",,-,케이프증권,347140
엔피디,2020.02.25,"5,400~6,300","5,400","40,770",307.50:1,8.78%,유안타증권,198080
에스케이스팩6호,2020.02.25,"2,000~2,000","2,000","11,000",,-,SK증권,340350
플레이디,2020.02.24,"6,800~7,700","8,500","25,087",1270.7:1,7.55%,KB증권,237820
서울바이오시스,2020.02.20,"6,500~7,500","7,500","13,000",1119:1,10.50%,KB증권,092190
제이앤티씨,2020.02.19,"8,500~10,500","11,000","93,500",1077.88:1,6.72%,"신한금융투자,유진투자증권",204270
켄코아에어로스페이스,2020.02.17,"13,000~15,000","10,000","20,440",120.75:1,2.55%,NH투자증권,274090
레몬,2020.02.12,"6,200~7,200","7,200","25,420",426:1,6.30%,"미래에셋대우,현대차증권",294140
서남,2020.02.04,"2,700~3,100","3,100","9,450",1228.4:1,5.21%,한국투자증권,294630
신영스팩6호,2020.01.29,"2,000~2,000","2,000",-,,-,신영증권,344050
위세아이텍,2020.01.20,"10,000~11,200","12,000","8,500",1105.93:1,6.95%,교보증권,065370
케이비스팩20호,2020.01.13,"2,000~2,000","2,000","12,000",,-,KB증권,342550
하나금융스팩15호,2020.01.09,"2,000~2,000","2,000","9,000",,-,하나금융투자,341160
천랩,2019.12.12,"63,000~78,000","40,000","27,090",51.11:1,-,한국투자증권,311690
한화플러스스팩1호,2019.12.11,"2,000~2,000","2,000","8,000",,-,한화투자증권,340440
피피아이,2019.12.10,"6,000~7,000","7,000","6,000",997.33:1,2.47%,미래에셋대우,062970
브릿지바이오테라퓨틱스,2019.12.09,"70,000~80,000","60,000","49,000",58.85:1,0.06%,"대신증권,KB증권",288330
엔에이치스팩15호,2019.12.09,"2,000~2,000","2,000","12,000",,-,NH투자증권,339950
메탈라이프,2019.12.09,"10,500~13,000","13,000","7,350",1288.21,22.46%,한국투자증권,327260
메드팩토,2019.12.05,"34,000~43,000","40,000","51,374",86.41:1,13.83%,삼성증권,235980
하이스팩5호,2019.12.05,"2,000~2,000","2,000","8,500",,-,하이투자증권,340120
대신밸런스스팩8호,2019.12.03,"2,000~2,000","2,000","10,000",,-,대신증권,336570
유안타스팩6호,2019.12.03,"2,000~2,000","2,000","13,000",,-,유안타증권,340360
신테카바이오,2019.12.02,"15,000~19,000","12,000","24,000",75.61:1,1.32%,케이비증권,226330
제이엘케이인스펙션,2019.11.26,"11,000~14,500","9,000","22,000",69.81:1,-,한국투자증권,322510
IBKS스팩12호,2019.11.25,"2,000~2,000","2,000","5,800",,-,아이비케이투자증권,335870
태웅로직스,2019.11.21,"3,700~4,500","4,500","18,500",1024.98:1,2.53%,"아이비케이투자증권,BNK투자증권",124560
에스케이스팩5호,2019.11.20,"2,000~2,000","2,000","8,000",,-,SK증권,337450
리메드,2019.11.19,"14,500~16,500","13,000","8,700",24.76:1,-,한국투자증권,302550
코리아센터,2019.11.18,"24,000~27,200","18,000","61,091",37.77:1,6.04%,"NH투자증권,신한금융투자,삼성증권",290510
IBKS스팩11호,2019.11.18,"2,000~2,000","2,000","9,000",,-,아이비케이투자증권,335890
유안타스팩5호,2019.11.13,"2,000~2,000","2,000","11,200",,-,유안타증권,336060
엔에이치프라임리츠(유가),2019.11.13,"5,000~5,000","5,000","68,800",711.65:1,43.20%,"NH투자증권,키움증권,하나금융투자,한국투자증권",338100
노터스,2019.11.07,"17,000~20,000","20,000","8,500",699.46:1,0.59%,대신증권,278650
센트랄모텍(유가),2019.11.07,"5,000~6,000","6,000","10,500",862.63:1,-,"한국투자증권,BNK투자증권",308170
티움바이오,2019.11.05,"16,000~20,000","12,000","40,000",37.3:1,-,"키움증권,삼성증권",321550
우양,2019.11.05,"3,800~4,200","4,200","13,680",1195.37:1,-,미래에셋대우,103840
코리아에셋투자증권,2019.11.04,"8,000~10,000","10,000","12,800",945.66:1,2.25%,신영증권,190650
현대에너지솔루션(유가),2019.11.04,"24,000~28,000","18,000","96,000",26.63:1,3.07%,"한국투자증권,하나금융투자,KB증권,하이투자증권,유안타증권",322000
씨에스베어링,2019.11.04,"7,400~8,400","8,400","17,612",1246.86:1,4.65%,한국투자증권,297090
에스제이그룹,2019.10.31,"32,000~38,600","38,600","26,240",946.62:1,13.56%,"NH투자증권,아이비케이투자증권",306040
제테마,2019.10.30,"36,000~48,000","21,000","20,160",12.41:1,-,"한국투자증권,DB금융투자",216080
라파스,2019.10.25,"24,000~29,000","20,000","38,400",202.06:1,-,DB금융투자,214260
아이티엠반도체,2019.10.24,"23,000~26,000","26,000",-,1078.5:1,15.80%,케이비증권,084850
미래에셋대우스팩4호,2019.10.22,"2,000~2,000","2,000","8,150",,-,미래에셋대우,333430
자이에스앤디(유가),2019.10.21,"4,200~5,200","5,200","45,760",768.58:1,5.10%,한국투자증권,317400
한화시스템(유가),2019.10.21,"12,250~14,000","12,250","402,552",23.61:1,4.24%,"NH투자증권,한국투자증권,한화투자증권,SK증권,대신증권,신영증권",272210
하나금융스팩14호,2019.10.16,"2,000~2,000","2,000","8,000",,-,하나금융투자,332710
지누스(유가),2019.10.16,"80,000~90,000","70,000","241,668",45.68:1,13.73%,"NH투자증권,신한금융투자,대신증권,하나금융투자,삼성증권",013890
티라유텍,2019.10.16,"10,550~12,050","12,050","11,868",1240.9:1,11.90%,미래에셋대우,322180
미디어젠,2019.10.14,"9,400~10,600","10,600","8,742",576.27:1,1.88%,교보증권,279600
신한스팩6호,2019.10.14,"2,000~2,000","2,000","8,000",,-,신한금융투자,333050
캐리소프트,2019.10.14,"7,000~9,000","9,000","6,370",924.83:1,2.70%,미래에셋대우,317530
케이엔제이,2019.10.10,"8,400~11,000","11,000","7,353","1,144.3:1",5.50%,미래에셋대우,272110
교보스팩9호,2019.10.07,"2,000~2,000","2,000","6,900",,-,교보증권,331520
엔바이오니아,2019.10.07,"8,200~10,300","8,200","9,102",425.80:1,3.80%,미래에셋대우,317870
팜스빌,2019.10.01,"11,000~14,000","14,000","19,923","1,035.53:1",7.05%,대신증권,318010
라온피플,2019.10.01,"14,000~17,000","14,000","28,329",330.36:1,1.50%,미래에셋대우,300120
아톤,2019.09.30,"30,000~43,000","43,000","26,915",810.88:1,9.50%,"NH투자증권,KB증권",158430
대신밸런스스팩7호,2019.09.24,"2,000~2,000","2,000","10,000",,-,대신증권,332290
녹십자웰빙,2019.09.24,"9,400~11,300","11,300","42,300",657.93:1,4.49%,하나금융투자,234690
롯데리츠(유가),2019.09.23,"4,750~5,000","5,000","408,426",358.06:1,44.07%,"한국투자증권,KB증권,삼성증권,하나금융투자",330590
유진스팩5호,2019.09.17,"2,000~2,000","2,000","7,000",,-,유진증권,331380
케이비스팩19호,2019.09.16,"2,000~2,000","2,000","8,000",,-,KB증권,330990
올리패스,2019.08.30,"37,000~45,000","20,000","29,600",11.07:1,0.40%,"미래에셋대우,키움증권",244460
라닉스,2019.08.29,"8,000~10,500","6,000","12,800",51.68:1,-,한국투자증권,317120
하나금융스팩13호,2019.08.29,"2,000~2,000","2,000","6,000",,-,하나금융투자,320000
한독크린텍,2019.08.22,"13,300~15,100","15,100","9,310",1117.61:1,8.77%,한국투자증권,256150
상상인이안스팩2호,2019.08.13,"2,000~2,000","2,000","6,500",540.20:1,-,상상인증권,329560
네오크레마,2019.08.07,"10,000~11,500","8,000","15,500",96.6:1,-,키움증권,311390
마니커에프앤지,2019.08.01,"3,400~4,000","4,000","8,840",1056.91:1,5.43%,유진투자증권,195500
나노브릭,2019.08.01,"18,000~22,000","16,000","8,208",39.3:1,-,KB증권,286750
미래에셋대우스팩3호,2019.07.31,"2,000~2,000","2,000","12,300",,-,미래에셋대우,328380
에스피시스템스,2019.07.29,"4,300~4,900","4,900","8,600",1116.32:1,13.68%,한국투자증권,317830
레이,2019.07.22,"17,000~20,000","20,000","17,000",1013.19 :1,10.27%,"한국투자증권,DB금융투자",228670
코윈테크,2019.07.18,"28,400~34,500","34,500","56,800",163.54:1,0.90%,미래에셋대우,282880
그린플러스,2019.07.18,"8,500~10,000","10,000","5,950",863.94:1,5.85%,한국투자증권,186230
세경하이테크,2019.07.17,"46,000~52,000","35,000","46,000",10.71:1,-,키움증권,148150
덕산테코피아,2019.07.17,"17,000~19,000","19,000","69,051",348.63:1,7.17%,NH투자증권,317330
한국바이오젠,2019.07.17,"4,700~5,700","6,000","8,387","1,087.6:1",-,미래에셋대우,318000
슈프리마아이디,2019.07.16,"23,000~27,000","27,000","19,872",1124.05:1,13.14%,한국투자증권,317770
윌링스,2019.07.10,"10,000~12,500","12,500","13,820",1082.15:1,18.18%,신영증권,313760
대모(구.대모엔지니어링),2019.07.09,"4,800~5,200","5,200","10,320",1103.1:1,15.60%,신한금융투자,317850
에이스토리,2019.07.03,"11,600~14,300","14,300","21,692",614.25:1,3.56%,NH투자증권,241840
플리토,2019.07.01,"19,000~23,000","26,000","27,996",1133:1,22.00%,한국투자증권,300080
세틀뱅크,2019.06.27,"44,000~49,000","55,000","63,668",1122:1,14.80%,"한국투자증권,신한금융투자",234340
이베스트이안스팩1호,2019.06.26,"2,000~2,000","2,000","6,000",,-,이베스트투자증권㈜,323210
아이스크림에듀,2019.06.25,"15,900~18,000","15,900","23,055",124.73:1,1.34%,"대신증권,삼성증권",289010
펌텍코리아,2019.06.18,"240,000~270,000","190,000","153,600",5.75:1,-,한국투자증권,251970
에이에프더블류,2019.06.12,"19,500~22,500","22,500","76,471",866.03:1,13.72%,NH투자증권,312610
신영스팩5호,2019.06.10,"2,000~2,000","2,000","6,800",,-,신영증권,323280
케이비스팩18호,2019.06.10,"2,000~2,000","2,000","15,000",,-,KB증권,323940
신한스팩5호,2019.06.04,"2,000~2,000","2,000","8,000",,-,신한금융투자,323230
압타바이오,2019.05.28,"21,000~25,000","30,000","45,780",856.41:1,35.10%,"삼성증권,미래에셋대우",293780
까스텔바쟉,2019.05.27,"16,000~19,000","12,000","37,800",32.53:1,3.86%,NH투자증권㈜,308100
디비금융스팩7호,2019.05.22,"2,000~2,000","2,000","8,000",,-,DB금융투자,322780
마이크로디지탈,2019.05.20,"20,000~23,000","23,000","14,000",621.48:1,2.29%,하나금융투자,305090
유진스팩4호,2019.05.16,"2,000~2,000","2,000","6,500",,-,유진투자증권,321260
컴퍼니케이파트너스,2019.05.08,"3,600~4,000","4,500","14,400",865.66:1,27.80%,NH투자증권,307930
수젠텍,2019.05.07,"12,000~14,000","12,000","18,000",75.21:1,3.15%,한국투자증권,253840
엔에이치스팩14호,2019.04.24,"2,000~2,000","2,000","16,000",,-,NH투자증권,319400
에스앤케이,2019.04.17,"30,800~40,400","40,400","129,360",317.30:1,11.59%,"NH투자증권,미래에셋대우",950180
한화에스비아이스팩,2019.04.16,"2,000~2,000","2,000","7,500",,-,한화투자증권,317320
하이스팩4호,2019.04.11,"2,000~2,000","2,000","8,000",,-,하이투자증권,317240
현대오토에버(유가),2019.03.13,"40,000~44,000","48,000","140,400",797.36:1,57.79%,"NH투자증권,현대차투자증권,미래에셋대우",307950
케이비스팩17호,2019.03.13,"2,000~2,000","2,000","10,000",,-,KB증권,317030
아모그린텍,2019.03.12,"8,800~9,900","9,900","36,326",164.22:1,3.05%,삼성증권,125210
지노믹트리,2019.03.11,"17,000~25,000","27,000","68,000",372:1,22.80%,키움증권,228760
이지케어텍,2019.03.05,"10,100~12,300","12,300","13,130",1108.03:1,40.25%,미래에셋대우,099750
유안타스팩4호,2019.03.04,"2,000~2,000","2,000","8,200",,-,유안타증권,313750
미래에셋벤처투자,2019.02.27,"3,700~4,500","4,500","16,650",441.4:1,3.70%,"KB증권,대신증권",100790
드림텍(유가),2019.02.25,"11,000~13,000","13,000","50,001",395.96:1,0.80%,NH투자증권,192650
에코프로비엠,2019.02.14,"37,500~42,900","48,000","112,500",988.49:1,45.04%,"대신증권,SK증권,유안타증권,하나금융투자",247540
셀리드,2019.01.29,"25,000~31,000","33,000","30,000",778.77:1,10.49%,삼성증권,299660
천보,2019.01.21,"35,000~40,000","40,000","87,500",891.1:1,15.80%,하나금융투자,278280
이노테라피,2019.01.16,"20,200~25,200","18,000","9,000",154.44:1,2.83%,대신증권,246960
노랑풍선,2019.01.15,"15,500~19,000","20,000","15,500",978.43:1,12.42%,"한국투자증권,KB증권",104620
웹케시,2019.01.09,"24,000~26,000","26,000","23,280",614:1,6.80%,"하나금융투자,BNK투자증권",053580
에어부산(유가),2018.12.13,"3,600~4,000","3,600","18,745",23.89:1,0.40%,"NH투자증권,미래에셋대우,BNK투자증권",298690
키움스팩5호,2018.12.12,"2,000~2,000","2,000","7,000",,-,키움증권,311270
비피도,2018.12.11,"22,100~28,700","18,000","9,061",74.62:1,-,한국투자증권,238200
엔에이치스팩13호,2018.12.10,"2,000~2,000","2,000","6,000",,-,NH투자증권,310840
유틸렉스,2018.12.10,"38,000~50,000","50,000","27,626",597.20:1,18.63%,NH투자증권,263050
디케이티,2018.12.06,"6,000~7,400","7,400","12,116",771.42:1,3.50%,NH투자증권,290550
에이비엘바이오,2018.12.06,"13,000~17,000","15,000","78,000",60.08:1,10.99%,한국투자증권,298380
위지윅스튜디오,2018.12.06,"9,000~13,000","11,000","19,795",177.33:1,1.13%,"삼성증권,NH투자증권",299900
미래에셋대우스팩2호,2018.12.05,"2,000~2,000","2,000","5,500",,-,미래에셋대우,310200
한국스팩8호,2018.12.05,"2,000~2,000","2,000","6,000",,-,한국투자증권,310870
신영스팩4호,2018.12.04,"2,000~2,000","2,000","8,500",,-,신영증권,307180
삼성머스트스팩3호,2018.12.04,"2,000~2,000","2,000","7,500",,-,"삼성증권,신한금융투자",309930
대신밸런스스팩6호,2018.12.03,"2,000~2,000","2,000","9,000",,-,대신증권,307750
머큐리,2018.11.29,"5,200~6,100","6,100","26,624",749.57:1,13.35%,미래에셋대우,100590
전진바이오팜,2018.11.28,"15,000~17,000","10,000","7,500",14.69:1,27.20%,미래에셋대우,110020
이노메트리,2018.11.27,"21,000~25,000","26,000","25,331",765.22:1,11.39%,유진투자증권,302430
뉴트리,2018.11.27,"14,500~17,000","14,500","32,799",28.68:1,-,미래에셋대우,270870
골든브릿지이안스팩5호,2018.11.22,"2,000~2,000","2,000","8,500",,-,골든브릿지투자증권,307870
에스케이에이씨피씨스팩4호,2018.11.22,"2,000~2,000","2,000","8,000",,-,SK증권,307070
대유에이피,2018.11.21,"2,600~3,300","3,000","7,280",299.23:1,-,신영증권,290120
교보스팩8호,2018.11.19,"2,000~2,000","2,000","6,200",,-,교보증권,307280
하나머스트스팩6호,2018.11.15,"2,000~2,000","2,000","7,500",,-,하나금융투자,307160
베스파,2018.11.15,"44,800~59,700","35,000","71,680",24.81,-,"미래에셋대우,교보증권",299910
윙입푸드,2018.11.14,"2,000~3,000","2,000","20,400",131.15:1,-,유진투자증권,900340
티로보틱스,2018.11.14,"16,000~18,000","16,000","12,800",56.9 :1,-,키움증권,117730
에코캡,2018.11.12,"4,200~5,200","4,200","16,800",20.66:1,-,IBK투자증권,128540
티앤알바이오팹,2018.11.12,"18,000~23,000","18,000","21,600",101.9:1,1.00%,키움증권,246710
엠아이텍,2018.11.12,"3,900~4,500","4,500","27,300",472.57:1,0.42%,하나금융투자,179290
네오펙트,2018.11.12,"10,000~12,500","11,000","18,000",338.01:1,0.89%,"한국투자증권,삼성증권",290660
남화산업,2018.11.08,"3,100~3,700","3,700","9,572",822.09:1,6.14%,대신증권,111710
싸이토젠,2018.11.08,"13,000~17,000","17,000","15,600",608.85:1,0.70%,키움증권,217330
아시아나IDT(유가),2018.11.07,"19,300~24,100","15,000","63,690",7.04:1,-,KB증권,267850
아주IB투자,2018.11.06,"2,000~2,400","1,500","48,800",40.55:1,-,"미래에셋대우,대신증권",027360
디알젬,2018.11.05,"5,000~7,000","6,500","7,500",785.43:1,1.05%,한국투자증권,263690
파멥신,2018.11.05,"43,000~55,000","60,000","34,400",764.16:1,18.81%,"KB증권,삼성증권",208340
디케이앤디,2018.11.02,"5,800~6,600","6,000","10,440",256.3:1,-,키움증권,263020
디자인,2018.11.01,"9,000~10,100","10,100","3,573",771.73 : 1,3.86%,대신증권,227100
노바렉스,2018.10.30,"19,000~24,000","19,000","18,240",48.64:1,18.99%,NH투자증권,194700
셀리버리,2018.10.22,"20,000~25,000","25,000","22,800",698.98:1,16.80%,DB금융투자,268600
대보마그네틱,2018.10.18,"22,500~25,500","31,000","18,450",995.40:1,45.41%,한국투자증권,290670
디비금융스팩6호,2018.10.17,"2,000~2,000","2,000","8,000",,-,DB금융투자,306620
엘앤씨바이오,2018.10.16,"18,000~20,000","24,000","18,000",937.08:1,17.27%,"한국투자증권,DB금융투자",290650
노바텍,2018.10.16,"12,500~16,500","10,000","18,125",66.32:1,0.03%,하나금융투자,285490
옵티팜,2018.10.11,"10,000~12,000","10,000","29,458",94.57:1,11.60%,NH투자증권,153710
로보티즈,2018.10.10,"9,200~11,300","14,000","15,640",958.60:1,39.80%,"미래에셋대우,KTB투자증권",108490
에스퓨얼셀,2018.09.18,"10,600~14,000","16,500","20,034",942.85:1,40.50%,"한국투자증권,유진투자증권",288620
크리스에프앤씨,2018.09.11,"34,000~38,200","30,000","119,544",7.89:1,-,"KB증권,KTB투자증권",110790
푸드나무,2018.09.11,"18,700~22,700","24,000","29,093",791.08:1,16.50%,"미래에셋대우,신한금융투자",290720
나우아이비캐피탈,2018.09.10,"9,500~11,000","8,500","23,750",63.17:1,-,신영증권,293580
IBKS스팩10호,2018.09.10,"2,000~2,000","2,000",-,,-,아이비케이투자증권,299170
하나제약(유가),2018.09.10,"24,500~28,000","26,000","99,995",101.50:1,0.10%,미래에셋대우,293480
지티지웰니스,2018.09.04,"9,000~9,800","11,000","7,200",946.89:1,4.22%,대신증권,219750
우진아이엔에스(유가),2018.08.30,"15,000~17,000","15,000","31,500",129.06:1,0.77%,신영증권,010400
명성티엔에스,2018.08.29,"16,100~18,700","20,000","25,760",745.56:1,11.73%,KB증권,257370
삼성스팩2호,2018.08.27,"2,000~2,000","2,000","13,000",,-,"삼성증권,신한금융투자",291230
디지캡,2018.08.22,"8,500~10,500","12,000","4,967",979.06:1,4.18%,KB증권,197140
대신밸런스스팩5호,2018.08.16,"2,000~2,000","2,000","7,000",,-,대신증권,303030
액트로,2018.08.09,"20,000~24,000","20,000","24,000",132.07:1,1.86%,키움증권,290740
에이피티씨,2018.08.07,"11,500~13,000","9,000","26,450",20.99:1,8.70%,대신증권,089970
오파스넷,2018.08.06,"8,500~9,700","11,000","8,568",861.66:1,14.22%,교보증권,173130
바이오솔루션,2018.08.02,"24,000~29,000","29,000","36,000",174.79:1,5.04%,한국투자증권,086820
대유,2018.07.24,"8,900~10,000","9,000","27,412",148.39:1,-,KB증권,290380
에스에스알,2018.07.19,"6,600~7,500","9,000","9,372",928.44:1,41.62%,하나금융투자,275630
휴네시온,2018.07.19,"8,700~10,000","10,000","12,097",751.89:1,8.90%,NH투자증권,290270
디아이티,2018.07.18,"9,400~10,400","10,000","35,320",105.14:1,6.80%,삼성증권,110990
티웨이항공(유가),2018.07.17,"14,600~16,700","12,000","233,600",23.03:1,-,"신한금융투자,대신증권,하나금융투자",091810
롯데정보통신(유가),2018.07.11,"28,300~33,800","29,800","121,293",79.33:1,25.90%,"미래에셋대우,신한금융투자,케이비증권,하나금융투자",286940
한국유니온제약,2018.07.09,"13,500~16,000","18,000",-,918.99:1,9.40%,DB금융투자,080720
엠코르셋,2018.07.05,"10,100~11,500","11,500",-,766.05:1,16.40%,대신증권,204020
IBKS스팩9호,2018.07.05,"2,000~2,000","2,000",-,,-,아이비케이투자증권,297570
올릭스,2018.07.02,"26,000~30,000","36,000",-,876.72:1,74.03%,NH투자증권,226950
아이큐어,2018.06.28,"44,000~55,000","65,000",-,642.1:1,5.08%,키움증권,175250
에스브이인베스트먼트,2018.06.21,"5,600~6,300","7,000","21,840",786.73:1,4.70%,미래에셋대우,289080
이원다이애그노믹스,2018.06.11,"4,700~5,700","6,500","33,840",749.79:1,27.87%,"SK증권,삼성증권,하나금융투자",245620
이리츠코크렙기업(유가),2018.06.07,"4,800~5,200","5,000","75,943",6.29:1,-,"NH투자증권,신영증권,이베스트투자증권,KB증권",088260
파워넷,2018.05.24,"5,500~6,500","6,500","19,639",590.60:1,7.66%,DB금융투자,037030
하나금융스팩11호,2018.05.23,"2,000~2,000","2,000","9,000",,-,하나금융투자,284620
현대사료,2018.05.16,"5,700~6,600","6,600","8,699",839.16:1,31.92%,신한금융투자,016790
세종메디칼,2018.05.14,"10,800~13,700","15,000","21,924",836.68:1,39.75%,한국투자증권,258830
제노레이,2018.05.09,"17,500~20,500","23,000","10,533",907.12:1,32.59%,한국투자증권,122310
한국스팩7호,2018.04.24,"2,000~2,000","2,000","8,500",,-,한국투자증권,291210
유안타스팩3호,2018.04.18,"2,000~2,000","2,000","7,000",,-,유안타증권,287410
대신밸런스스팩3호,2018.03.21,"2,000~2,000","2,000","10,000",,-,대신증권,253590
제이티씨(JTC),2018.03.20,"6,200~7,600","8,500",-,478:1,24.17%,삼성증권,950170
케어랩스,2018.03.12,"15,000~18,000","20,000","19,500",934.42:1,40.19%,한국투자증권,263700
애경산업(유가),2018.03.07,"29,100~34,100","29,100","197,880",24.30:1,8.51%,"대신증권,NH투자증권,신한금융투자,하나금융투자",018250
린드먼아시아인베스트먼트,2018.02.26,"5,000~5,500","6,500","16,990",640.8:1,27.40%,키움증권,277070
에코마이스터,2018.02.26,"6,000~8,500","5,200",500,15.54:1,-,"대신증권,한화투자증권",064510
엔지켐생명과학,2018.02.05,"45,000~70,000","56,000","34,650",258.68:1,13.25%,한국투자증권,183490
오스테오닉,2018.02.01,"5,800~7,500","7,700","6,960",442:1,1.70%,키움증권㈜,226400
동구바이오제약,2018.01.30,"12,000~14,500","16,000","24,829",727.70:1,53.41%,NH투자증권,006620
아시아종묘,2018.01.29,"4,200~5,200","4,500","4,200",239.52:1,4.39%,"대신증권,KTB증권",154030
알리코제약,2018.01.25,"10,000~13,000","12,000","23,500",389.27:1,9.38%,아이비케이투자증권,260660
카페24,2018.01.23,"43,000~57,000","57,000","38,700",672.71:1,42.90%,"미래에셋대우,유안타증권,한화투자증권",042000
링크제니시스,2018.01.18,"22,000~25,000","30,000","6,600",754.60:1,35.90%,하나금융투자,219420
배럴,2018.01.15,"8,000~9,500","9,500","13,680",298.48:1,9.06%,하나금융투자,267790
에스지이,2018.01.11,"6,300~7,200","6,000","19,734",17.03:1,-,"대신증권,KTB투자증권",255220
씨앤지하이테크,2018.01.10,"16,000~20,000","16,000","20,608",249.23:1,-,신한금융투자,264660
시스웍,2017.12.08,"3,300~3,900","2,800","14,746",78.86:1,0.44%,하나금융투자,269620
한국스팩6호,2017.12.07,"2,000~2,000","2,000","8,000",,-,한국투자증권,281410
디바이스이엔지,2017.12.04,"15,500~17,500","12,000","27,125",11.40:1,-,한국투자증권,187870
동부스팩5호,2017.11.27,"2,000~2,000","2,000","8,000",,-,DB금융투자,281740
진에어(유가),2017.11.23,"26,800~31,800","31,800","321,600",274.55:1,7.30%,"미래에셋대우,삼성증권,케이비증권,한국투자증권,NH투자증권",272450
동양피스톤(유가),2017.11.22,"5,700~7,300","5,700","18,810",62.80:1,-,"아이비케이투자증권,대신증권",092780
메카로,2017.11.21,"25,000~30,000","33,000","50,000",719.26:1,42.07%,한국투자증권,241770
씨티케이코스메틱스,2017.11.21,"46,000~55,000","55,000","92,000",188.65:1,6.60%,"미래에셋대우,신영증권",260930
에스트래픽,2017.11.20,"8,000~10,000","10,000","17,040",605.02:1,13.40%,미래에셋대우,234300
대원,2017.11.16,"13,000~15,000","15,000","26,000",247.25:1,0.20%,"신한금융투자,미래에셋대우",007680
체리부로,2017.11.16,"4,300~4,700","4,700","26,453",265.38:1,0.40%,"미래에셋대우,케이비증권,케이티비투자증권",066360
비즈니스온커뮤니케이션,2017.11.15,"8,100~9,000","9,000","15,373",513.97:1,14.90%,케이비증권,138580
삼양패키징(유가),2017.11.13,"26,000~30,000","26,000","119,481",16.73:1,0.36%,한국투자증권,272550
한화에이스스팩4호,2017.11.09,"2,000~2,000","2,000","6,300",,-,한화투자증권,279410
스튜디오드래곤,2017.11.09,"30,900~35,000","35,000","185,400",536.68:1,27.20%,"미래에셋대우,하나금융투자",253450
IBKS스팩7호,2017.10.30,"2,000~2,000","2,000","7,000",,-,아이비케이투자증권,276920
비디아이,2017.10.23,"9,500~12,000","10,000","12,825",53.95:1,-,신영증권,148140
테이팩스(유가),2017.10.17,"23,000~26,000","23,000","38,180",16.81:1,-,"케이비증권,신한금융투자",055490
티슈진,2017.10.17,"16,000~27,000","27,000","120,000",299.49:1,22.45%,"NH투자증권,한국투자증권,하나금융투자,한화투자증권,이베스트투자증권",950160
영화테크,2017.10.11,"12,500~15,500","12,500","8,800",61.83:1,-,신한금융투자,265560
신한스팩4호,2017.09.27,"2,000~2,000","2,000","10,000",,-,신한금융투자,277480
세원,2017.09.26,"5,200~6,200","5,700","5,720",90.67:1,-,현대차투자증권,234100
상신전자,2017.09.20,"11,600~13,300","13,300","8,120",601.54:1,-,미래에셋대우,263810
IBKS스팩8호,2017.09.18,"2,000~2,000","2,000","4,000",,-,아이비케이투자증권,277410
에스엔피월드,2017.09.14,"4,300~5,100","5,100","8,600",534.27:1,4.97%,대신증권,263920
야스,2017.09.14,"23,500~26,500","23,500","54,050",28.90:1,7.15%,한국투자증권,255440
유티아이,2017.09.11,"28,000~33,000","25,000","31,360",5.05:1,0.40%,한국투자증권,179900
신흥에스이씨,2017.09.11,"11,000~14,000","16,000","23,100",482.4:1,33.10%,삼성증권,243840
엠플러스,2017.09.06,"14,000~16,000","18,000","17,500",596.2:1,27.20%,키움증권,259630
선익시스템,2017.09.04,"37,000~44,000","37,000","69,375",7.87:1,-,대신증권,171090
샘코,2017.08.31,"14,000~18,000","11,000","21,000",19.26:1,0.96%,"한국투자증권,대신증권",263540
앱클론,2017.08.31,"8,000~10,000","10,000","5,445",564.87:1,21.72%,NH투자증권,174900
펄어비스,2017.08.29,"80,000~103,000","103,000","144,000",62.40:1,6.22%,한국투자증권,263750
케이피에스,2017.08.23,"16,000~20,000","14,000","17,268",75.3:1,-,키움증권,256940
덕우전자,2017.08.09,"13,500~15,500","15,500","33,750",282.69:1,11.35%,한국투자증권,263600
하나금융스팩10호,2017.08.07,"2,000~2,000","2,000","9,000",,-,하나금융투자,270520
이더블유케이,2017.08.03,"4,200~5,000","5,000","9,324",588.13:1,25.95%,신영증권,258610
컬러레이,2017.07.25,"3,800~5,800","3,800","53,200",60.49:1,-,신한금융투자,900310
엔에이치스팩12호,2017.07.24,"2,000~2,000","2,000","13,000",,-,NH투자증권,273060
알에스오토메이션,2017.07.24,"5,250~6,000","6,000","12,799",656.89:1,61.00%,미래에셋대우,140670
모트렉스,2017.07.20,"31,200~38,300","38,300","56,160",357.12:1,11.24%,"미래에셋대우,HMC투자증권",118990
디앤씨미디어,2017.07.19,"17,000~20,000","20,000","17,119",539.1:1,33.50%,키움증권,263720
데이타솔루션,2017.07.18,"2,700~3,300","3,300","12,420",395.83:1,23.09%,미래에셋대우,263800
지니언스,2017.07.17,"12,000~13,500","13,500","9,960",620.04:1,14.50%,하나금융투자,263860
셀트리온헬스케어,2017.07.13,"32,500~41,000","41,000","799,630",38.06:1,12.50%,"미래에셋대우,유비에스증권리미티드,맥쿼리증권,신한금융투자,한화투자증권",091990
이즈미디어,2017.07.10,"7,500~10,000","7,500","11,400",129.22:1,1.38%,한국투자증권,181340
한국스팩5호,2017.07.10,"2,000~2,000","2,000","7,000",,-,한국투자증권,271740
힘스,2017.07.04,"15,500~18,800","20,000","12,400",729.64:1,27.48%,"KB증권,SK증권",238490
아우딘퓨쳐스,2017.06.27,"26,000~30,000","26,000","26,000",182.60:1,-,하나금융투자,227610
브이원텍,2017.06.26,"15,200~17,700","17,700","27,800",557.47:1,8.30%,미래에셋대우,251630
제일홀딩스,2017.06.12,"20,700~22,700","20,700","442,267",113.98:1,2.88%,"케이비증권,신한금융투자",003380
하나금융스팩9호,2017.06.12,"2,000~2,000","2,000","10,000",,-,하나금융투자,261200
교보스팩7호,2017.06.08,"2,000~2,000","2,000","8,500",,-,교보증권,267320
한화수성스팩,2017.05.24,"2,000~2,000","2,000","10,000",,-,한화투자증권,265920
보라티알,2017.05.23,"12,500~14,300","14,300","21,096",557.61:1,13.30%,대신증권,250000
삼양옵틱스,2017.05.18,"16,700~20,600","16,700","66,800",33.2:1,8.70%,미래에셋대우,225190
필옵틱스,2017.05.17,"41,000~48,000","48,000","47,560",647.18:1,13.25%,"신한금융투자,삼성증권",161580
IBKS스팩6호,2017.05.15,"2,000~2,000","2,000","8,000",,-,아이비케이투자증권,264850
미래에셋대우스팩1호,2017.05.10,"2,000~2,000","2,000","8,000",,-,미래에셋대우,265480
엔에이치스팩10호,2017.04.17,"2,000~2,000","2,000","13,000",,-,NH투자증권,256630
한화에이스스팩3호,2017.04.13,"2,000~2,000","2,000","5,500",,-,한화투자증권,264290
하나머티리얼즈,2017.04.12,"10,000~12,000","12,000","19,400",689.90:1,49.73%,"NH투자증권,대신증권",166090
케이비스팩11호,2017.04.12,"2,000~2,000","2,000","6,000",,-,케이비증권,258790
넷마블게임즈(유가),2017.04.11,"121,000~157,000","157,000","2,051,387",240.74:1,47.10%,"NH투자증권,한국투자증권,SK증권",251270
와이엠티,2017.04.11,"16,500~18,500","21,000","9,283",706.16:1,42.75%,하나금융투자,251370
ING생명보험(유가),2017.04.06,"31,500~40,000","33,000","1,055,250",3.97:1,0.13%,"삼성증권,미래에셋대우,케이비증권",079440
신영스팩3호,2017.03.23,"2,000~2,000","2,000","5,000",,-,신영증권,263770
이엘피,2017.03.23,"17,000~20,000","20,000","13,600",527.12:1,11.26%,NH투자증권,063760
서진시스템,2017.03.13,"21,000~25,000","25,000","30,030",588.93:1,36.65%,NH투자증권,178320
코미코,2017.03.07,"11,000~13,000","13,000","27,500",580.68:1,30.91%,NH투자증권,183300
아스타,2017.03.06,"13,000~18,000","8,000","22,750",18.4:1,-,키움증권,246720
덴티움(유가),2017.02.27,"45,000~50,000","32,000","114,562",22.96:1,0.40%,NH투자증권,145720
대신밸런스스팩4호,2017.02.15,"2,000~2,000","2,000","10,000",,-,대신증권,262830
에스디생명공학,2017.02.14,"15,000~18,000","12,000","57,600",26.66:1,-,"한국투자증권,신한금융투자,대우증권",217480
모바일어플라이언스,2017.02.13,"3,000~3,500","3,500","11,298",471.31:1,19.13%,NH투자증권,087260
신한스팩3호,2017.02.09,"2,000~2,000","2,000","6,000",,-,신한금융투자,257730
에프엔에스테크,2017.02.09,"11,000~13,000","14,000","11,000",624.02:1,6.26%,한국투자증권,083500
신신제약,2017.02.08,"5,900~6,700","4,500","19,175",40.88:1,0.06%,케이비증권,002800
피씨엘,2017.02.08,"10,500~13,000","8,000","15,750",6.61:1,0.46%,한국투자증권,241820
호전실업(유가),2017.01.16,"30,000~35,000","25,000","49,940",40.43:1,2.50%,NH투자증권,111110
서플러스글로벌,2017.01.12,"7,400~9,400","8,000","34,410",81.31:1,1.04%,한국투자증권,140070
유바이오로직스,2017.01.09,"6,000~6,800","6,000","19,200",31.09:1,-,한국투자증권,206650
엔에이치스팩11호,2016.12.14,"2,000~2,000","2,000","13,000",,-,NH투자증권,256840
퓨전데이타,2016.12.06,"10,000~11,500","11,500","10,000",345.36:1,12.05%,한국투자증권,195440
디에스씨인베스트먼트,2016.12.05,"2,500~2,800","1,700","10,922",11.2:1,-,키움증권,241520
티에스인베스트먼트,2016.12.01,"1,450~1,550","1,300","8,265",30.87:1,-,한국투자증권,246690
마이크로프랜드,2016.11.28,"7,300~8,500","7,300","21,900",124.3:1,-,키움증권,147760
코썬바이오,2016.11.24,"7,000~9,000","7,000","24,500",54.22:1,-,NH투자증권,204990
신라젠,2016.11.23,"15,000~18,000","15,000","150,000",74.98:1,-,"NH투자증권,하나금융투자,동부증권,메리츠종금증권",215600
애니젠,2016.11.22,"22,000~26,000","18,000","15,400",93.9:1,-,키움증권,196300
유니온커뮤니티,2016.11.21,"4,400~5,000","5,000","12,804",134.5:1,-,미래에셋증권,203450
IBKS스팩5호,2016.11.17,"2,000~2,000","2,000","10,000",,-,아이비케이투자증권,254120
퓨쳐켐,2016.11.16,"19,000~22,000","15,000","26,600",62.51:1,-,"NH투자증권,이베스트투자증권",220100
뉴파워프라즈마,2016.11.16,"15,000~17,000","17,500","25,500",501.2:1,7.80%,키움증권,144960
핸즈코퍼레이션(유가),2016.11.15,"12,000~14,000","12,000","65,784",57.64:1,1.73%,"케이비투자증권,삼성증권",143210
오션브릿지,2016.11.15,"5,400~6,600","6,600","12,231",617.92:1,10.75%,대신증권,241790
엘앤케이바이오,2016.11.14,"14,500~18,000","15,000","14,833",220.1:1,-,NH투자증권,156100
에이치엔티일렉트로닉스,2016.11.14,"14,000~16,000","10,000","18,900",132.1:1,-,키움증권,176440
핸디소프트,2016.11.07,"4,500~5,600","5,600","8,550",262.22:1,-,케이비투자증권,220180
두산밥캣(유가),2016.11.03,"29,000~33,000","30,000","870,817",9.81:1,-,"한국투자증권,신영증권,한화투자증권",241560
에스케이스팩3호,2016.10.31,"2,000~2,000","2,000","6,600",,-,SK증권,232330
삼성바이오로직스(유가),2016.10.26,"113,000~136,000","136,000","1,869,167",295.63:1,24.63%,"한국투자증권,NH투자증권,삼성증권,신한금융투자,케이비투자증권,하나금융투자",207940
클리오,2016.10.25,"36,400~41,000","41,000","163,712",153.08:1,10.42%,NH투자증권,237880
오가닉티코스메틱,2016.10.20,"3,200~3,700","4,000","45,760",672.02:1,11.30%,유진투자증권,900300
로고스바이오시스템스,2016.10.19,"22,200~25,500","25,500","15,719",190.16:1,0.53%,신한금융투자,238120
아이비케이에스지엠비스팩,2016.10.18,"2,000~2,000","2,000","11,000",,-,아이비케이투자증권,252500
인크로스,2016.10.13,"38,000~43,000","43,000","17,917",492.1:1,6.10%,신한금융투자,216050
에이치엘사이언스(구.건강사랑),2016.10.12,"23,900~30,700","27,000","36,115",274.19:1,5.60%,"미래에셋대우,케이비투자증권",239610
코스메카코리아,2016.10.11,"48,000~54,000","54,000","64,320",573.0:1,30.80%,"삼성증권,이베스트투자증권",241710
제이더블유생명과학(유가),2016.10.10,"27,000~32,500","30,000","64,800",224.57:1,7.41%,"케이비투자증권,유안타증권",234080
그레이트리치과기,2016.10.10,"4,000~6,000","5,000","67,500",140.75:1,4.32%,NH투자증권,900290
금세기차륜(골든센츄리),2016.10.04,"3,200~4,200","3,500","25,295",181.93:1,0.55%,유안타증권,900280
인텔리안테크놀로지스,2016.09.28,"18,000~20,500","19,000","26,100",319:1,1.30%,한국투자증권,189300
에이치시티,2016.09.28,"19,200~22,500","17,000","21,820",95.67:1,11.60%,미래에셋대우,072990
잉글우드랩,2016.09.26,"6,000~7,000","6,000","21,000",226.37:1,-,하나금융투자,950140
앤디포스,2016.09.26,"13,000~14,500","14,500","54,600",406.09:1,10.60%,미래에셋대우,238090
수산아이앤티(구.플러스기술),2016.09.22,"10,500~11,500","11,500","17,850",157.55:1,0.64%,삼성증권,050960
미투온,2016.09.20,"3,800~4,300","3,800","27,210",73.1:1,-,미래에셋증권,201490
화승엔터프라이즈(유가),2016.09.08,"14,600~16,500","15,000","114,464",48.46:1,0.21%,한국투자증권,241590
케이비스팩10호,2016.09.07,"2,000~2,000","2,000","10,000",,-,케이비투자증권,250930
엘에스전선아시아(유가),2016.09.05,"10,000~11,500","8,000","126,501",30.57:1,-,"한국투자증권,하나금융투자,이베스트투자증권",229640
유니테크노,2016.08.31,"10,300~11,500","10,300","15,450",233.84:1,-,한국투자증권,241690
교보비엔케이스팩,2016.08.23,"2,000~2,000","2,000","12,000",,-,"교보증권,BNK투자증권",242040
하나금융스팩8호,2016.08.23,"2,000~2,000","2,000","12,000",,-,하나금융투자,250060
자이글,2016.08.18,"20,000~23,000","11,000","112,000",18.90:1,-,"하나금융투자,케이비투자증권",234920
헝셩그룹,2016.08.03,"3,400~5,300","3,600","68,000",93.06:1,-,신한금융투자,900270
에코마케팅,2016.07.18,"27,000~31,000","35,000","29,700",941.86:1,-,한국투자증권,230360
엔지스테크널러지,2016.07.13,"8,900~10,000","10,000","4,156",475.6:1,21.20%,"교보증권,엘아이지투자증권",208860
두올(유가),2016.07.13,"7,500~9,000","8,500","54,750",71.69:1,-,"미래에셋증권,HMC투자증권",016740
팍스넷,2016.07.11,"4,600~5,200","5,200","12,737",753.07:1,5.19%,한국투자증권,038160
우리손에프앤지,2016.07.11,"1,935~2,210","2,210","35,239",455.1:1,40.40%,미래에셋대우,073560
옵토팩,2016.07.05,"5,000~5,900","5,900","3,500",397.4:1,2.82%,아이비케이투자증권,123010
장원테크,2016.07.04,"15,000~17,500","17,500","22,500",216.32:1,11.30%,신한금융투자,174880
대유위니아(구.위니아만도),2016.06.27,"6,800~8,300","6,800","51,000",76.75:1,1.32%,신영증권,071460
한국자산신탁(유가),2016.06.23,"9,100~10,300","10,300","248,405",149.83:1,6.37%,"대신증권,신한금융투자,미래에셋대우",123890
바이오리더스,2016.06.22,"11,000~15,000","15,000","13,200",352.2:1,6.50%,키움증권,142760
피앤씨테크,2016.06.16,"9,000~10,200","10,200","23,850",306.39:1,10.89%,케이비투자증권,237750
로스웰,2016.06.13,"2,100~3,200","3,200","63,000",386.96:1,26.60%,신한금융투자,900260
해성디에스(유가),2016.06.09,"12,000~15,000","12,000","48,000",188.69:1,12.20%,NH투자증권,195870
에스티팜,2016.06.09,"24,000~27,000","29,000","111,936",717.41:1,60.03%,"유진투자증권,한국투자증권",237690
녹십자랩셀,2016.06.08,"13,600~15,900","18,500","27,200",733.72:1,51.66%,"하나금융투자,엘아이지투자증권",144510
한국스팩4호,2016.06.07,"2,000~2,000","2,000","10,000",,-,한국투자증권,240540
알엔투테크놀로지,2016.06.07,"5,100~5,800","5,800","3,417",570.26:1,-,하나금융투자,148250
미래에셋스팩5호,2016.05.25,"2,000~2,000","2,000","9,000",,-,미래에셋증권,239340
용평리조트(유가),2016.05.10,"8,100~9,200","7,000","135,432",28.1:1,0.10%,"대우증권,대신증권",070960
해태제과식품(유가),2016.04.21,"12,300~15,100","15,100","71,709",342.99:1,24.63%,"NH투자증권,삼성증권",101530
레이언스,2016.03.24,"22,000~25,000","25,000","88,000",430.31:1,20.70%,대신증권,228850
씨엠에스에듀,2016.03.24,"19,000~23,200","23,200","23,560",302.17:1,28.83%,"삼성증권,유안타증권",225330
동양파일,2016.03.23,"10,000~11,600","10,000","80,000",12.56:1,-,대신증권,228340
대림씨엔에스(유가),2016.03.15,"23,500~27,700","27,700","104,720",85.25:1,15.90%,대우증권,004440
팬젠,2016.02.23,"12,500~16,500","16,500","18,750",614.46:1,14.04%,한국투자증권,222110
하이에이아이스팩1호,2016.02.17,"2,000~2,000","2,000","9,200",,-,하이투자증권,235010
IBKS스팩4호,2016.02.16,"2,000~2,000","2,000","3,500",,-,아이비케이투자증권,230980
에이피위성통신,2016.02.15,"8,700~9,700","9,700","28,344",271.55:1,7.80%,현대증권,211270
케이비스팩9호,2016.02.15,"2,000~2,000","2,000","27,000",,-,케이비투자증권,232270
큐리언트,2016.02.15,"18,000~21,000","21,000","32,508",709.15:1,35.24%,한국투자증권,115180
안트로젠,2016.01.27,"17,000~22,000","24,000","10,200",531.1:1,30.60%,키움증권,065660
제이에스코퍼레이션(유가),2016.01.20,"19,000~23,000","23,000","62,379",433.6:1,35.90%,NH투자증권,194370
아이엠텍,2016.01.20,"6,500~7,500","7,500","27,950",112.3:1,25.00%,대우증권,226350
차이나크리스탈신소재,2016.01.14,"2,900~4,200","3,000","26,970",36.30:1,0.90%,신한금융투자,900250
유니트론텍,2016.01.14,"12,300~14,000","14,000","8,056",455.80:1,21.70%,하나금융투자,142210
한솔씨앤피,2016.01.13,"13,000~16,800","13,000","11,700",136.97:1,5.97%,"신한금융투자,케이비투자증권",221610
에스와이패널,2015.12.14,"7,000~8,000","5,000","14,951",4.88:1,-,미래에셋증권,109610
코리아오토글라스(유가),2015.12.14,"10,500~12,000","11,000","84,420",57.68:1,4.47%,NH투자증권,344820
육일씨엔에쓰,2015.12.10,"6,000~6,700","6,000","4,200",8.74:1,-,엘아이지투자증권,191410
코디엠,2015.12.10,"4,700~5,800","4,700","4,700",39.79:1,2.51%,미래에셋증권,224060
대신밸런스스팩2호,2015.12.10,"2,000~2,000","2,000","20,000",,-,대신증권,232140
이에스브이,2015.12.10,"13,000~15,000","10,000","20,540",23.29:1,2.38%,NH투자증권,223310
잇츠스킨(유가),2015.12.10,"208,500~253,000","170,000","161,213",11.53:1,8.70%,"대우증권,삼성증권",226320
아진산업,2015.12.09,"6,500~7,500","6,500","29,250",11.61:1,8.70%,미래에셋증권,013310
휴젤,2015.12.09,"190,000~210,000","150,000","54,000",6.7:1,8.61%,"한국투자증권,대우증권,하나금융투자",145020
한국맥널티,2015.12.08,"10,500~11,500","8,000","13,125",60.5:1,0.20%,키움증권,222980
덱스터,2015.12.08,"11,000~14,000","14,000","23,558",255.31:1,33.10%,NH투자증권,206560
메가엠디,2015.12.07,"3,600~4,600","3,000","19,340",16.67:1,7.50%,NH투자증권,133750
씨트리,2015.12.07,"8,300~10,200","6,500","9,960",4.7:1,0.60%,신한금융투자,047920
강스템바이오텍,2015.12.07,"8,000~10,000","6,000","16,000",11.35:1,-,키움증권,217730
동부스팩4호,2015.12.04,"2,000~2,000","2,000","10,000",,-,동부증권,230490
파크시스템스,2015.12.03,"9,000~11,000","9,000","9,000",50.29:1,57.30%,케이비투자증권,140860
보광산업,2015.12.03,"6,000~7,000","4,000","18,000",15.47 : 1,-,하나금융투자,225530
예스티,2015.12.02,"14,500~18,500","14,500","15,587",32.90:1,73.30%,NH투자증권,122640
뉴트리바이오텍,2015.12.01,"21,000~24,000","21,000","43,680",93.92:1,28.32%,동부증권,222040
멕아이씨에스,2015.11.30,"7,500~9,000","4,500","4,125",3.77:1,-,키움증권,058110
하나금융스팩7호,2015.11.30,"2,000~2,000","2,000","14,000",,-,하나금융투자,230240
엔에스,2015.11.16,"6,300~7,200","8,000","6,255",179.61:1,21.42%,케이비투자증권,217820
세진중공업(유가),2015.11.12,"3,500~3,900","3,500","20,054",8.89:1,26.50%,"대우증권,신한금융투자",075580
미래테크놀로지,2015.11.12,"14,300~16,100","16,100","21,450",117.30:1,5.70%,현대증권,213090
엠지메드,2015.11.05,"33,000~40,000","40,000","11,550",715.39:1,14.86%,신한금융투자,180400
매직마이크로,2015.11.05,"5,200~6,400","5,500","8,320",75.03:1,1.33%,미래에셋증권,127160
케이디켐,2015.11.04,"14,700~17,800","16,000","17,052",66.20:1,3.00%,대신증권,221980
하이즈항공,2015.11.04,"23,000~26,000","18,000","100,625",47.27:1,0.89%,케이비투자증권,221840
리드,2015.11.04,"4,500~5,100","5,100","3,517",42.89:1,7.00%,대우증권,197210
네오오토,2015.11.02,"11,400~12,800","12,000","17,664",113.08:1,3.54%,신영증권,212560
골든브릿지스팩4호,2015.11.02,"2,000~2,000","2,000","12,500",,-,골든브릿지투자증권,227950
아이진,2015.10.29,"12,000~13,500","13,500","17,823",408.1:1,7.50%,NH투자증권,185490
나무가,2015.10.28,"32,000~37,000","37,000","28,096",108.34:1,3.62%,교보증권,190510
유앤아이,2015.10.28,"25,000~30,000","30,000","37,500",377.40:1,4.00%,키움증권,056090
케어젠,2015.10.27,"80,000~90,000","110,000","129,600",833.46 : 1,62.00%,현대증권,214370
금호에이치티(유가),2015.10.27,"12,700~15,700","10,000","57,098",46.05:1,8.00%,NH투자증권,214330
에이치엠씨스팩3호,2015.10.21,"2,000~2,000","2,000","12,000",,-,HMC투자증권,226340
제주항공(유가),2015.10.21,"23,000~28,000","30,000","126,500",378.67:1,77.99%,NH투자증권,089590
더블유게임즈,2015.10.19,"51,000~61,000","65,000","217,894",413.82:1,14.66%,"한국투자증권,대우증권",192080
연우,2015.10.15,"20,300~25,200","25,200","48,835",317:1,51.00%,"대우증권,HMC투자증권",115960
키움스팩4호,2015.10.15,"2,000~2,000","2,000","20,000",,-,키움증권,226850
현대드림스팩4호,2015.10.07,"2,000~2,000","2,000","10,000",,-,현대증권,226360
에이티젠,2015.10.07,"12,500~14,500","17,000","12,590",695.7:1,40.60%,NH투자증권,182400
엑시콘,2015.10.06,"13,500~16,500","10,000","27,000",28.34:1,-,아이비케이투자증권,092870
이베스트스팩3호,2015.10.01,"2,000~2,000","2,000","8,000",,-,이베스트투자증권,225440
에치디프로,2015.09.23,"7,800~8,900","8,900","11,826",362.84:1,6.21%,대신증권,214870
IBKS스팩3호,2015.09.21,"2,000~2,000","2,000","8,000",,-,아이비케이투자증권,225430
엘아이지넥스원(유가),2015.09.17,"66,000~76,000","76,000","455,400",121.11:1,21.50%,"NH투자증권,한국투자증권",079550
동부스팩3호,2015.09.16,"2,000~2,000","2,000","8,300",,-,동부증권,226440
신영해피투모로우2호스팩,2015.09.15,"2,000~2,000","2,000","10,000",,-,신영증권,225590
타이거일렉,2015.09.10,"6,000~6,900","6,000","9,258",230.02:1,1.36%,한국투자증권,219130
동일제강(유가),2015.09.10,"2,700~3,300","3,000","13,500",309.7:1,3.10%,NH투자증권,002690
엔에이치스팩9호,2015.09.09,"2,000~2,000","2,000","15,500",,-,NH투자증권,225570
제너셈,2015.09.09,"9,000~10,500","10,500","11,700",326.77:1,4.15%,하나금융투자,217190
인포마크,2015.09.09,"12,000~14,000","14,000","10,440",251.2:1,12.00%,삼성증권,175140
아이콘트롤스(유가),2015.09.08,"28,000~32,000","32,000","73,143",272.96:1,29.10%,"대우증권,신영증권",039570
유진스팩3호,2015.08.26,"2,000~2,000","2,000","11,500",,-,유진투자증권,221200
한국스팩3호,2015.08.18,"2,000~2,000","2,000","13,000",,-,한국투자증권,222080
케이티비스팩3호,2015.08.12,"2,000~2,000","2,000","12,500",,-,KTB투자증권,220630
교보스팩5호,2015.08.10,"2,000~2,000","2,000","10,200",,-,교보증권,223040
웹스,2015.08.05,"6,500~7,200","7,200","10,400",438.83:1,33.54%,한국투자증권,196700
현대드림스팩3호,2015.08.05,"2,000~2,000","2,000","13,000",,-,현대증권,221950
에이제이네트웍스(유가),2015.08.04,"30,200~34,300","34,300","69,460",197.15:1,20.06%,"한국투자증권,미래에셋증권,신영증권",095570
교보스팩4호,2015.07.30,"2,000~2,000","2,000","6,000",,-,교보증권,222810
파인텍,2015.07.28,"9,000~10,500","10,500","9,590",382.64:1,45.68%,NH투자증권,131760
미래에셋스팩4호,2015.07.24,"2,000~2,000","2,000","6,100",,-,미래에셋증권,222420
흥국에프엔비,2015.07.22,"14,500~17,500","20,000","26,100",666.88:1,63.87%,NH투자증권,189980
케이비스팩8호,2015.07.21,"2,000~2,000","2,000","20,000",,-,케이비투자증권,222390
칩스앤미디어,2015.07.20,"9,300~10,500","10,500","6,045",123.2:1,-,한국투자증권,094360
아시아경제신문사,2015.07.15,"3,200~3,600","3,600","27,200",280.85:1,15.82%,한국투자증권,127710
아이쓰리시스템,2015.07.14,"28,500~31,500","36,000","14,250",768.00:1,37.60%,키움증권,214430
로지시스,2015.07.13,"2,000~2,500","2,500","6,348",345.68:1,13.28%,삼성증권,067730
엘아이지이에스스팩,2015.07.09,"2,000~2,000","2,000","5,000",,-,엘아이지투자증권,220260
파마리서치프로덕트,2015.07.08,"40,000~47,000","55,000","89,200",728.06:1,57.90%,"NH투자증권,하나대투증권",214450
에스케이스팩2호,2015.07.07,"2,000~2,000","2,000","12,500",,-,SK증권,219550
펩트론,2015.07.06,"9,000~12,000","16,000","7,336",699.59:1,67.40%,NH투자증권,087010
한화에이스스팩2호,2015.07.02,"2,000~2,000","2,000","13,250",,-,한화투자증권,219860
이노션(유가),2015.07.01,"64,000~71,000","68,000","320,064",273.09:1,52.40%,"NH투자증권,대우증권",214320
유안타스팩2호,2015.07.01,"2,000~2,000","2,000","12,000",,-,유안타증권,219960
토니모리(유가),2015.06.24,"26,400~30,200","32,000","77,616",441.86:1,55.20%,대우증권,214420
미래에셋생명보험(유가),2015.06.22,"8,200~10,000","7,500","372,279",40.3:1,2.07%,삼성증권,085620
키움스팩3호,2015.06.22,"2,000~2,000","2,000","13,000",,-,키움증권,218710
민앤지,2015.06.17,"21,200~24,000","28,000","29,930",728.82:1,45.40%,신한금융투자,214180
골든브릿지스팩3호,2015.06.16,"2,000~2,000","2,000","8,800",,-,골든브릿지투자증권,219580
동운아나텍,2015.06.16,"10,000~12,000","10,000","5,000",101.68:1,7.08%,키움증권,094170
엔에이치스팩8호,2015.06.16,"2,000~2,000","2,000","13,000",,-,NH투자증권,218410
유테크,2015.06.15,"8,000~9,000","9,000","8,080",351.10:1,8.59%,대신증권,178780
코아스템,2015.06.11,"10,800~13,200","16,000","27,000",868.62:1,41.74%,한국투자증권,166480
에스엔텍,2015.06.10,"5,600~6,300","6,500","6,160",189.14:1,19.88%,케이비투자증권,160600
경보제약(유가),2015.06.10,"13,000~15,000","15,000","124,315",524.56:1,34.44%,NH투자증권,214390
이베스트스팩2호,2015.06.10,"2,000~2,000","2,000","13,000",,-,이베스트투자증권,217600
세미콘라이트,2015.06.09,"11,300~13,700","11,300","11,758",187.7:1,4.50%,NH투자증권,214310
에스케이디앤디(유가),2015.06.04,"20,200~24,300","26,000","59,590",570.59:1,36.70%,"대신증권,신한금융투자",210980
베셀,2015.06.03,"8,000~9,000","9,000","4,800",437.68:1,-,키움증권,177350
하나머스트스팩5호,2015.06.02,"2,000~2,000","2,000","7,000",,-,하나대투증권,218150
대신밸런스스팩1호,2015.06.01,"2,000~2,000","2,000","10,000",,-,대신증권,217270
하이스팩3호,2015.05.29,"2,000~2,000","2,000","8,500",,-,하이투자증권,217500
싸이맥스,2015.05.28,"14,300~16,300","16,300","22,767",238.72:1,2.93%,대신증권,160980
엔에이치스팩7호,2015.05.27,"2,000~2,000","2,000","8,400",,-,NH투자증권,217810
한화에이씨피씨스팩,2015.05.26,"2,000~2,000","2,000","13,500",,-,한화투자증권,217620
픽셀플러스,2015.05.26,"33,000~37,000","30,000","33,000",131.67:1,2.25%,한국투자증권,087600
제노포커스,2015.05.13,"8,000~9,000","11,000","9,600",842.79:1,41.12%,한국투자증권,187420
미래에셋스팩3호,2015.05.07,"2,000~2,000","2,000","11,400",,-,미래에셋증권,215750
대우스팩3호,2015.04.29,"2,000~2,000","2,000","10,000",,-,대우증권,215580
한화엠지아이스팩,2015.04.28,"2,000~2,000","2,000","10,000",,-,한화투자증권,215380
대우에스비아이스팩1호,2015.04.22,"2,000~2,000","2,000","5,500",,-,대우증권,215480
엔에이치스팩5호,2015.04.22,"2,000~2,000","2,000","13,000",,-,NH투자증권,215790
유진에이씨피씨스팩2호,2015.04.13,"2,000~2,000","2,000","10,000",,-,유진투자증권,215090
하나머스트스팩4호,2015.04.07,"2,000~2,000","2,000","5,500",,-,하나대투증권,215100
한화에이스스팩1호,2015.04.01,"2,000~2,000","2,000","8,200",,-,한화투자증권,214680
유지인트,2015.03.26,"12,400~14,000","15,000","25,544",643.70:1,27.15%,한국투자증권,195990
케이티비스팩2호,2015.03.19,"2,000~2,000","2,000","10,000",,-,KTB투자증권,214150
케이비스팩7호,2015.03.11,"2,000~2,000","2,000","8,000",,-,케이비투자증권,214270
NS쇼핑(구.농수산홈쇼핑)(유가),2015.03.09,"205,000~235,000","235,000","180,027",302.59:1,15.66%,"한국투자증권,미래에셋증권,하나대투증권",138250
세화아이엠씨(유가),2015.03.03,"14,500~16,300","16,300","19,002",216.35:1,10.45%,한국투자증권,145210
포시에스,2015.01.26,"7,500~9,100","9,100","9,750",344.23:1,-,동부증권,189690
골든브릿지스팩2호,2015.01.21,"2,000~2,000","2,000","7,000",,-,골든브릿지투자증권,206660
국일신동,2014.12.15,"1,400~1,700","1,700","4,200",29.25:1,-,아이비케이투자증권,060480
NH스팩2호,2014.12.15,"2,000~2,000","2,000","10,675",,-,NH농협증권,206640
영백씨엠,2014.12.12,"6,500~7,500","5,500","4,377",43.42:1,-,하나대투증권,193250
케이비스팩6호,2014.12.11,"2,000~2,000","2,000","30,000",,-,케이비투자증권,208640
케이비스팩5호,2014.12.10,"2,000~2,000","2,000","10,000",,-,케이비투자증권,208350
교보스팩3호,2014.12.09,"2,000~2,000","2,000","10,000",,-,교보증권,208710
현대드림스팩2호,2014.12.09,"2,000~2,000","2,000","13,000",,-,현대증권,204630
오킨스전자,2014.12.09,"6,000~6,900","7,100","10,995",268.25:1,-,미래에셋증권,080580
넥스트엔터테인먼트월드,2014.12.09,"12,700~16,300","16,300","26,307",214.69:1,9.59%,우리투자증권,160550
하나머스트스팩3호,2014.12.09,"2,000~2,000","2,000","4,500",,-,하나대투증권,208870
아스트,2014.12.09,"7,000~10,000","9,500","19,982",74.59:1,5.74%,케이비투자증권,067390
아이티센,2014.12.09,"7,000~8,500","7,500","7,000",54.13:1,-,아이비케이투자증권,124500
서전기전,2014.12.08,"10,500~12,000","6,500","12,736",11.54:1,-,동부증권,189860
하이셈,2014.12.08,"1,500~1,900","1,500","6,534",50.03:1,-,대우증권,200470
휴메딕스,2014.12.08,"22,700~25,500","28,000","22,700",688.80:1,35.18%,한국투자증권,200670
제일모직(구.삼성에버랜드)(유가),2014.12.03,"45,000~53,000","53,000","1,293,747",465:1,35.14%,"대우증권,우리투자증권,씨티그룹글로벌마켓증권,제이피모간증권회사",028260
하나머스트스팩2호,2014.12.03,"2,000~2,000","2,000","10,000",,-,하나대투증권,208370
하이로닉,2014.12.02,"43,000~47,400","51,000","23,650",500.56:1,22.70%,신한금융투자,149980
디티앤씨(구.디지털이엠씨),2014.12.02,"14,500~18,500","18,500","30,986",559.02:1,74.30%,키움증권,187220
엘아이지스팩2호,2014.12.02,"2,000~2,000","2,000","5,000",,-,엘아이지투자증권,208140
녹십자엠에스,2014.12.02,"5,000~5,800","6,000","10,000",474.11:1,-,한국투자증권,142280
랩지노믹스,2014.12.01,"12,000~13,200","13,200","3,000",423.83:1,-,한국투자증권,084650
에이디테크놀로지,2014.12.01,"16,000~18,000","15,000","16,000",33.19:1,7.53%,한국투자증권,200710
우리에스엘스팩,2014.12.01,"2,000~2,000","2,000","4,000",,-,우리투자증권,207720
동부스팩2호,2014.11.27,"2,000~2,000","2,000","10,000",,-,동부증권,207760
알테오젠,2014.11.27,"23,000~26,000","26,000","20,700",409.2:1,14.40%,한국투자증권,196170
비씨월드제약,2014.11.26,"12,000~15,700","15,700","19,872",356.75:1,26.60%,"대우증권,대신증권",200780
한국스팩2호,2014.11.26,"2,000~2,000","2,000","10,000",,-,한국투자증권,206400
에스케이씨코오롱피아이,2014.11.19,"12,500~15,000","8,000","102,400",23.01:1,-,한국투자증권,178920
에프엔씨엔터테인먼트,2014.11.18,"24,000~28,000","28,000","33,600",185.35:1,9.91%,유진투자증권,173940
대창스틸,2014.11.18,"2,000~2,500","2,500","4,400",219.91:1,-,하나대투증권,140520
하이스팩2호,2014.11.13,"2,000~2,000","2,000","10,000",24.64:1,-,하이투자증권,205470
씨에스윈드(유가),2014.11.13,"31,000~43,500","43,500","182,900",109.3:1,1.79%,"미래에셋증권,삼성증권",112610
케이티비스팩1호,2014.11.10,"2,000~2,000","2,000","10,000",,-,KTB투자증권,204650
텔콘,2014.11.10,"12,500~14,500","14,500","17,500",162.88:1,5.53%,대신증권,200230
IBKS스팩2호,2014.11.06,"2,000~2,000","2,000","8,000",,-,아이비케이투자증권,204840
디에이테크놀로지,2014.11.05,"6,600~8,500","6,600","9,464",55.28:1,1.81%,대신증권,196490
파티게임즈,2014.11.04,"10,500~13,000","13,000","10,080",224.12:1,24.62%,우리투자증권,194510
유안타스팩1호,2014.11.03,"2,000~2,000","2,000","11,000",,-,유안타증권,204620
삼성SDS(유가),2014.10.29,"150,000~190,000","190,000","914,940",651.5:1,48.11%,"한국투자증권,골드만삭스증권,제이피모간증권",018260
케이비스팩4호,2014.10.27,"2,000~2,000","2,000","20,000",,-,케이비투자증권,205500
교보위드스팩,2014.10.23,"2,000~2,000","2,000","7,800",,-,교보증권,205100
현대에이블스팩1호,2014.10.22,"2,000~2,000","2,000","10,000",,-,현대증권,204760
테고사이언스,2014.10.22,"10,500~12,500","13,500","5,593",591.09:1,30.50%,우리투자증권,191420
슈피겐코리아,2014.10.20,"22,500~27,500","27,500","41,625",255.6:1,30.86%,삼성증권,192440
테라셈,2014.10.14,"3,600~4,100","3,000","6,480",18.41:1,-,한국투자증권,182690
영우디에스피,2014.10.13,"8,000~9,500","5,000","10,400",17.07:1,-,키움증권,143540
대우스팩2호,2014.10.06,"2,000~2,000","2,000","10,500",,-,대우증권,204440
신한스팩2호,2014.09.24,"2,000~2,000","2,000","10,000",,-,신한금융투자,203650
데브시스터즈,2014.09.18,"43,000~50,000","53,000","116,100",651.66:1,29.98%,우리투자증권,194480
메디아나,2014.09.17,"5,500~6,500","6,200","7,920",86:1,-,케이비투자증권,041920
KB스팩3호,2014.09.15,"2,000~2,000","2,000","20,000",,-,케이비투자증권,203690
감마누,2014.07.28,"10,000~11,500","11,000","3,600",608.66:1,-,한국투자증권,192410
우리스팩3호,2014.07.28,"2,000~2,000","2,000","13,000",,-,우리투자증권,198440
쿠쿠전자(유가),2014.07.23,"80,000~104,000","104,000","196,067",598.86:1,65.18%,우리투자증권,192400
신화콘텍,2014.07.21,"8,100~9,100","9,100","12,960",441.99:1,10.37%,현대증권,187270
덕신하우징,2014.07.15,"9,600~11,000","13,000","19,200",650.72:1,59.86%,현대증권,090410
파버나인,2014.07.15,"12,100~13,600","12,500","13,310",264.04:1,-,"한국투자증권,케이비투자증권",177830
창해에탄올,2014.07.14,"6,000~6,900","8,300","11,405",578.20:1,59.50%,우리투자증권,004650
미래에셋스팩2호,2014.07.10,"2,000~2,000","2,000","13,000",,-,미래에셋증권,200130
윈하이텍,2014.07.10,"6,600~7,500","8,300","17,424",444.1:1,55.60%,우리투자증권,192390
아진엑스텍,2014.07.08,"5,000~6,000","7,000","5,000",478.65:1,-,신한금융투자,059120
화인베스틸(유가),2014.06.30,"4,500~5,100","4,700","28,951",85.45:1,-,현대증권,133820
트루윈,2014.06.24,"8,000~9,400","10,500","9,600",,-,하나대투증권,105550
하나머스트스팩,2014.05.22,"2,000~2,000","2,000","5,000",,-,하나대투증권,194610
캐스텍코리아,2014.05.08,"5,000~5,800","6,500","12,500",,-,한국투자증권,071850
BGF리테일(구.보광훼미리마트)(유가),2014.04.24,"41,000~46,000","41,000","252,561",,-,삼성증권,027410
유진스팩1호,2014.04.21,"2,000~2,000","2,000","10,000",,-,유진투자증권,187790
KB스팩2호,2014.04.10,"2,000~2,000","2,000","14,800",,-,케이비투자증권,192250
오이솔루션,2014.02.12,"8,500~9,800","10,000","6,604",,-,대신증권,138080
인터파크INT,2014.01.16,"5,700~6,700","7,700","52,414",,-,대우증권,108790
한국정보인증,2014.01.14,"1,600~1,800","1,800","8,640",,-,현대증권,053300
솔루에타,2013.12.11,"28,000~32,000","24,000","24,000",,-,키움증권,154040
이지웰페어,2013.12.11,"3,300~4,000","4,400","4,400",,-,한국투자증권,090850
키움제2호스팩,2013.12.04,"2,000~2,000","2,000","13,000",,-,키움증권,184230
인트로메딕,2013.12.03,"4,500~6,000","6,000","4,200",,-,한국투자증권,150840
기가레인(구.맥시스),2013.11.26,"6,300~7,700","5,500","21,786",,-,하나대투증권,049080
알티캐스트,2013.11.20,"7,500~8,500","8,500","15,000",,-,한국투자증권,085810
엔브이에이치코리아,2013.11.20,"4,000~4,600","4,500","38,250",,-,미래에셋증권,067570
현대공업,2013.11.19,"6,500~7,500","7,500","22,525",,-,신영증권,170030
우리기업인수목적2호,2013.11.07,"2,000~2,000","2,000","13,000",,-,우리투자증권,182360
디엠티,2013.11.06,"5,200~6,200","5,700","6,113",,-,하나대투증권,134580
신송홀딩스,2013.11.05,"5,200~6,000","6,500","23,066",,-,우리투자증권,006880
램테크놀러지,2013.10.30,"3,500~3,900","3,900","4,875",,-,한국투자증권,171010
라이온켐텍,2013.10.30,"10,000~12,000","12,500","37,011",,-,하나대투증권,171120
미동전자통신,2013.10.28,"18,500~21,000","20,000","19,417",,-,우리투자증권,161570
에이씨티,2013.10.23,"11,000~14,000","8,100","8,505",,-,한국투자증권,138360
해성옵틱스,2013.10.22,"6,000~6,800","6,600","19,650",,-,우리투자증권,076610
내츄럴엔도텍,2013.10.16,"32,000~38,000","40,000","21,200",,86.16%,키움증권,168330
현대로템(유가),2013.10.15,"17,000~23,000","23,000","460,020",,-,"우리투자증권,대우증권",064350
테스나,2013.10.01,"12,000~13,500","13,500","9,767",,-,키움증권,131970
파수닷컴,2013.09.30,"5,400~6,200","5,800","9,280",,-,삼성증권,150900
엘티씨,2013.09.23,"17,500~19,500","20,500","26,728",,-,키움증권,170920
지엔씨에너지,2013.09.12,"5,000~5,800","6,000","7,200",,82.44%,교보증권,119850
아미코젠,2013.08.29,"20,800~23,800","25,000","15,762",,-,우리투자증권,092040
파이오링크,2013.07.18,"9,500~10,500","10,500","11,400",,-,LIG투자증권,170790
금호N.T,2013.07.17,"2,700~3,100","3,100","7,440",,73.80%,미래에셋증권,130500
KG이티에스,2013.07.08,"3,000~3,900","3,800","30,827",,-,우리투자증권,151860
나스미디어,2013.07.02,"7,500~9,000","8,800","16,887",,-,KB투자증권,089600
엑세스바이오,2013.05.07,"3,600~4,100","4,500","22,888",,-,"우리투자증권,유진투자증권",950130
디에스알(유가),2013.04.29,"4,150~4,650","4,000","16,000",,-,우리투자증권,155660
레고켐바이오사이언스,2013.04.23,"13,800~15,500","15,500","21,700",,8.48%,한국투자증권,141080
삼목강업,2013.04.11,"3,500~3,900","2,600","8,320",,-,교보증권,158380
세호로보트,2013.03.20,"6,500~7,500","7,800","8,580",,71.50%,IBK투자증권,158310
윈팩,2013.02.19,"4,200~5,100","4,000","10,109",,-,키움증권,097800
코렌텍,2013.02.14,"13,000~16,000","16,000","15,600",,12.53%,한국투자증권,104540
제로투세븐,2013.01.30,"7,200~8,300","8,300","24,900",,-,현대증권,159580
지디,2013.01.23,"14,500~16,500","18,000","43,200",,-,미래에셋증권,155960
아이원스,2013.01.22,"4,300~4,800","4,500","9,884",,-,우리투자증권,114810
우리이앤엘,2013.01.17,"4,900~5,700","4,900","44,100",,-,현대증권,153490
아이센스,2013.01.15,"16,000~19,000","19,000","14,400",,-,우리투자증권,099190
포티스,2013.01.10,"3,500~3,900","3,900","4,853",,-,하나대투증권,141020
씨에스엘쏠라,2012.12.12,"10,000~11,000","10,000","12,000",,11.31%,키움증권,159910
SBIAXES(구.AXES홀딩스),2012.11.20,"3,000~3,600","3,600","19,229",,-,하나대투증권,950110
우리로광통신,2012.11.07,"9,000~10,300","10,300","18,789",,-,미래에셋증권,046970
디젠스,2012.11.06,"1,800~2,300","1,800","9,000",,-,우리투자증권,113810
맥스로텍,2012.10.31,"6,000~7,000","7,000","7,000",,-,미래에셋증권,141070
GMB코리아(유가),2012.10.31,"7,600~9,200","6,000","34,313",,-,신한금융투자,013870
와이엠씨,2012.10.30,"5,100~6,000","6,000","11,677",,-,우리투자증권,155650
CJ헬로비전(유가),2012.10.24,"14,000~19,000","16,000","293,210",,-,하이투자,037560
아바텍,2012.10.16,"5,100~5,800","6,300","18,585",,-,한국투자증권,149950
코이즈,2012.09.12,"6,500~7,400","7,500","8,850",,-,한국투자증권,121850
모다정보통신,2012.09.10,"7,000~8,500","7,000","4,900",,-,키움증권,149940
나노스,2012.07.17,"6,000~7,000","7,000","10,500",,-,한화증권,151910
에이제이렌터카(구.아주오토렌탈)(유가),2012.07.12,"8,000~9,000","7,000","38,850",,-,한국투자증권,068400
우양에이치씨,2012.07.10,"4,000~6,500","5,500","13,915",,-,한화증권,101970
엠씨넥스,2012.07.09,"16,200~18,600","15,000","12,000",,-,한국투자증권,097520
네이블커뮤니케이션즈,2012.07.03,"7,500~9,000","9,000","5,400",,-,한국투자증권,153460
디지탈옵틱,2012.06.27,"9,500~11,500","11,500","13,058",,-,신한금융투자,106520
피엔티,2012.06.21,"14,000~16,000","17,000","13,712",,-,하나대투증권,137400
사조씨푸드(유가),2012.06.12,"8,600~10,050","10,600","63,880",,-,미래에셋증권,014710
비아트론,2012.04.17,"12,900~14,600","15,900","14,835",,-,한국투자증권,141000
에스비아이모기지,2012.04.05,"7,700~9,200","7,000",-,,-,하나대투증권,950100
코오롱패션머티리얼(유가),2012.03.19,"12,000~14,500","14,500","43,500",,-,우리투자증권,144620
빛샘전자,2012.03.07,"4,000~4,400","4,400","3,432",,-,미래에셋증권,072950
휴비스(유가),2012.02.06,"11,700~13,200","12,200","200,141",,-,대우증권,079980
사람인에이치알,2012.02.02,"4,000~5,000","5,000","9,720",,-,현대증권,143240
뉴로스,2012.01.26,"7,500~8,500","8,500","3,750",,-,교보증권,126870
남화토건,2012.01.09,"2,600~3,000","3,000","9,000",,-,HMC투자증권,091590
동아팜텍,2012.01.05,"20,000~24,000","24,000","54,408",,-,우리투자증권,140410
원익머트리얼즈,2011.12.08,"23,000~26,000","27,000","45,029",,-,동양증권,104830
나이스디앤비,2011.12.07,"1,400~1,700","1,700","5,488",,-,대신증권,130580
GS리테일(지에스리테일)(유가),2011.12.07,"18,000~21,000","19,500","300,300",,-,우리투자증권,007070
디엔에이링크,2011.12.05,"6,000~7,000","7,700","3,950",,-,미래에셋증권,127120
시큐브,2011.12.05,"4,200~4,900","4,900","3,821",,-,SK증권,131090
서암기계공업,2011.11.30,"3,200~3,800","3,800","11,970",,1.19%,한국투자증권,100660
씨유메디칼시스템,2011.11.29,"10,000~11,500","12,000","8,000",,-,현대증권,115480
인터지스(유가),2011.11.29,"10,000~12,200","10,000","58,350",,-,삼성증권,129260
넥스트리밍,2011.11.16,"5,000~6,000","6,000","3,975",,-,신한금융투자,139670
에스에프씨,2011.11.15,"13,500~17,000","14,000","22,044",,-,우리투자증권,112240
티브이로직,2011.11.15,"10,000~11,200","12,000","10,500",,-,한국투자증권,121800
사파이어테크놀로지,2011.11.15,"55,000~65,000","65,000","52,650",,-,한국투자증권,123260
신진에스엠,2011.11.10,"12,500~15,000","15,000","13,500",,-,한화증권,138070
이엠넷,2011.11.09,"5,800~6,400","6,400","9,600",,-,KB투자증권,123570
와이지엔터테인먼트,2011.11.07,"22,100~28,800","34,000","27,548",,-,대우증권,122870
쎄미시스코,2011.11.02,"7,000~8,000","9,500","9,137",,-,하이투자증권,136510
테크윙,2011.10.25,"18,000~20,000","23,000","11,700",,-,한국투자증권,089030
아이테스트,2011.10.24,"2,000~2,400","2,400","20,000",,-,미래에셋증권,089530
신흥기계,2011.10.20,"7,000~7,700","8,500","13,396",,-,한국투자증권,007820
씨큐브,2011.10.19,"4,200~5,000","5,750","4,025",,-,대신증권,101240
씨엔플러스,2011.10.17,"10,000~11,300","11,500","9,200",,-,한국투자증권,115530
테라세미콘,2011.10.13,"10,000~12,000","13,500","16,200",,-,LIG투자증권,123100
케이맥,2011.10.05,"13,000~15,000","14,500","17,400",,-,현대증권,043290
넥솔론(유가),2011.09.28,"6,700~8,000","4,000","85,490",,-,우리투자증권,110570
로보스타,2011.09.27,"4,500~6,000","5,800","6,805",,-,미래에셋증권,090360
대한과학,2011.09.22,"2,400~3,200","3,000","3,360",,-,대우증권,131220
피앤이솔루션,2011.09.06,"7,000~8,000","8,000","12,000",,-,교보증권,131390
화진,2011.07.20,"3,700~4,300","4,300","10,587",,-,HMC투자증권,134780
제이씨케미칼,2011.07.20,"6,000~7,200","7,200","20,040",,-,삼성증권,137950
제닉,2011.07.18,"19,000~22,000","22,000","17,100",,-,교보증권,123330
아이씨디,2011.07.18,"23,000~27,000","34,000","52,700",,-,동양증권,040910
경봉,2011.07.11,"6,000~7,100","7,100","9,478",,-,동양증권,139050
상아프론테크,2011.07.06,"6,300~6,900","6,000","15,000",,-,한국투자증권,089980
삼원강재(유가),2011.07.04,"3,700~4,200","4,000","40,000",,-,대우증권,023000
옵티시스,2011.06.29,"6,700~7,600","7,600","5,320",,-,키움증권,109080
나이벡,2011.06.29,"8,400~10,200","10,000","7,340",,-,대신증권,138610
신세계인터내셔날(유가),2011.06.23,"50,000~65,000","65,000","130,000",,-,한국투자증권,031430
대양전기공업,2011.06.17,"8,200~10,000","9,000","25,650",,-,삼성증권,108380
한국항공우주산업(유가),2011.06.16,"14,000~16,000","15,500","567,515",,-,"우리투자,현대증권",047810
하이마트(유가),2011.06.15,"59,000~67,700","59,000","419,747",,-,대우증권,071840
탑금속,2011.06.07,"5,800~6,500","6,500","21,450",,-,현대증권,019770
쓰리피시스템,2011.06.02,"4,500~6,000","5,800","7,691",,-,부국증권,110500
엠케이트렌드(유가),2011.06.01,"9,000~11,000","11,000","21,600",,-,우리투자증권,069640
완리인터내셔널홀딩스,2011.05.27,"4,100~5,500","4,100","50,020",,-,삼성증권,900180
리켐,2011.05.25,"11,000~14,000","14,000",-,,-,SK증권,131100
넥스트아이,2011.05.25,"9,700~10,800","10,000","9,700",,-,한국투자증권,137940
코오롱플라스틱(유가),2011.05.25,"3,800~4,300","4,300","33,060",,-,대우증권,138490
엘티에스,2011.05.19,"32,500~34,500","34,000","24,598",,-,우리투자증권,138690
KT스카이라이프(유가),2011.05.16,"13,500~18,500","17,000","42,500",,-,대우증권,053210
세아특수강(유가),2011.05.12,"24,000~28,000","28,000","61,987",,-,하나대투증권,019440
케이엠에이치,2011.05.11,"9,500~11,500","9,500",-,,-,IBK투자증권,122450
골프존,2011.05.02,"65,000~79,000","85,000","170,000",,-,한국투자증권,121440
한국종합기술(유가),2011.04.11,"6,800~9,200","7,100","22,323",,-,우리투자증권,023350
이퓨쳐,2011.04.11,"5,200~6,400","6,400","5,760",,-,삼성증권,134060
티케이케미칼,2011.04.07,"4,500~5,000","5,000","198,000",,-,우리투자증권,104480
일진머티리얼즈(유가),2011.02.16,"14,100~15,800","15,800",-,,-,미래에셋증권,020150
현대위아(유가),2011.01.27,"53,000~60,000","65,000","520,000",,-,미래에셋증권,011210
부스타,2011.01.26,"3,500~4,200","4,200","8,568",,-,HMC투자증권,008470
나노신소재,2011.01.18,"14,500~16,500","17,000","25,795",,-,한국투자증권,121600
케이아이엔엑스,2011.01.17,"6,900~7,500","8,000","4,968",,-,하나대투증권,093320
티피씨,2011.01.17,"4,500~5,200","5,200","5,850",,-,신영증권,130740
제이엔케이히터,2011.01.13,"10,500~13,600","13,600","27,200",,-,우리투자증권,126880
엘비세미콘,2011.01.12,"4,000~4,500","4,700","32,000",,-,한국투자증권,061970
딜리,2011.01.12,"7,000~8,000","8,000","10,290",,-,현대증권,131180
블루콤,2011.01.11,"9,000~12,000","12,000","24,300",,-,우리투자증권,033560
인트론바이오테크놀로지,2011.01.10,"4,800~6,100","6,100","3,050",,-,신한금융투자,048530
씨그널정보통신,2011.01.07,"7,500~8,500","8,500","7,582",,-,신영증권,099830
중국고섬공고(유가),2011.01.07,"5,970~5,970","7,000","179,100",,-,대우증권,950070
다나와,2011.01.06,"12,000~14,000","14,000","20,141",,-,한국투자증권,119860
KB게임(KB스팩),2010.12.20,"2,500~2,500","2,500","20,000",,-,KB투자증권,131370
티에스이,2010.12.16,"45,000~52,000","45,000","36,549",,-,한국투자증권,131290
인텍플러스,2010.12.15,"6,000~7,000","7,000","7,000",,-,한국투자증권,064290
두산엔진(유가),2010.12.15,"17,200~20,900","19,300","202,650",,-,대우증권,082740
대구도시가스(유가),2010.12.08,"4,400~5,400","5,400","33,000",,-,신한금융투자,117580
현대HCN(유가),2010.12.08,"3,800~4,500","3,800","83,600",,-,현대증권,126560
액트,2010.12.07,"2,400~2,700","2,700","10,800",,-,한국투자증권,131400
IBKS스마트스팩,2010.12.07,"1,000~1,000","1,000","20,000",,-,IBK투자증권,126680
한전산업개발(유가),2010.12.01,"4,500~5,500","5,500","58,680",,-,신한금융투자,130660
대정화금,2010.12.01,"8,100~9,200","9,200","18,630",,8.69%,HMC투자증권,120240
케이티스(구.한국인포서비스)(유가),2010.12.01,"2,500~3,100","2,700","13,454",,-,우리투자증권,058860
동부티에스블랙펄스팩,2010.11.23,"2,000~2,000","2,000","22,500",,-,동부증권,128910
하이제1호스팩,2010.11.18,"4,000~4,000","4,000","27,000",,-,하이투자증권,131030
세우테크,2010.11.15,"5,500~6,500","5,500","8,250",,-,신한금융투자,096690
대구방송,2010.11.11,"7,500~9,500","7,500","7,500",,-,부국증권,033830
코라오홀딩스(유가),2010.11.10,"3,800~4,800","4,800","56,317",,-,IBK투자증권,900140
케이티롤,2010.11.09,"6,000~6,800","6,800","6,328",,-,대신증권,122800
시그네틱스,2010.11.09,"2,300~2,600","2,600","32,312",,-,미래에셋증권,033170
한국전자인증,2010.11.02,"1,300~1,500","1,600","1,820",,-,한국투자증권,041460
코프라,2010.10.26,"5,500~6,500","7,000","12,320",,-,미래에셋증권,126600
디케이락,2010.10.25,"7,000~8,000","7,500","14,000",,-,신한금융투자,105740
하나그린스팩1호,2010.10.25,"4,000~4,000","4,000","20,000",,-,하나대투,123420
케이엔엔,2010.10.19,"8,000~10,000","9,000","11,970",,-,미래에셋증권,058400
아나패스,2010.10.18,"47,000~52,000","52,000","22,090",,-,대우증권,123860
삼본정밀전자,2010.10.18,"7,800~8,800","8,800","15,600",,-,현대증권,111870
부국퓨쳐스타즈스팩,2010.10.14,"2,000~2,000","2,000","11,800",,-,부국증권,123300
아이텍반도체,2010.10.06,"8,700~9,100","9,100","8,190",,-,대우증권,119830
누리플랜,2010.10.05,"4,600~5,500","5,500","6,050",,-,HMC투자증권,069140
인화정공,2010.10.04,"22,000~26,000","26,000","31,200",,-,신한금융투자,101930
코렌,2010.10.04,"5,800~6,600","5,800",-,,-,대우증권,078650
아이씨코리아,2010.09.30,"2,400~3,000","2,800","3,600",,-,한화증권,068940
키움제1호스팩,2010.09.09,"2,000~2,000","2,000","20,000",,-,키움증권,123840
휠라코리아(유가),2010.09.06,"30,000~35,000","35,000","97,500",,-,삼성증권,081660
포메탈,2010.09.02,"6,000~6,800","6,000","10,800",,-,IBK투자증권,119500
케이티씨에스(구.한국인포데이타(유가),2010.09.01,"2,600~3,100","2,600","18,597",,-,한국투자증권,058850
성융광전투자,2010.08.31,"2,700~3,300","2,800","50,400",,-,대우증권,900150
다원시스,2010.08.30,"9,000~12,000","11,000","14,868",,-,하이투자증권,068240
알파칩스,2010.08.30,"10,500~12,000","12,000","7,200",,-,현대증권,117670
와이솔,2010.08.26,"7,000~9,000","8,000","8,000",,-,한화증권,122990
현대홈쇼핑(유가),2010.08.26,"80,000~90,000","90,000",-,,-,현대증권,057050
이트레이드1호스팩,2010.08.25,"2,000~-","2,000","19,000",,-,이트레이드증권,126700
씨젠,2010.08.24,"28,000~35,000","30,500","19,413",,-,대우증권,096530
에이치엠씨아이비1호스팩,2010.08.12,"2,000~-","2,000","23,560",,-,HMC투자증권,126640
교보케이티비스팩,2010.08.11,"4,000~-","4,000","25,000",,-,"교보증권,KTB투자증권",123410
에스비아이앤솔로몬드림스팩,2010.08.09,"1,250~-","1,250","20,000",,-,솔로몬투자,123910
대신증권그로쓰알파,2010.08.09,"2,000~-","2,000",-,,-,대신증권,123550
한국투자신성장1호스팩,2010.08.09,"2,200~-","2,200","23,100",,-,한국투자증권,123290
도화종합기술공사(유가),2010.07.27,"20,000~23,000","22,000","40,000",,-,우리투자증권,002150
엠에스오토텍,2010.07.19,"4,500~5,500","5,500","15,840",,-,HMC투자증권,123040
이글루시큐리티,2010.07.15,"11,000~14,000","14,000","21,000",,-,미래에셋증권,067920
인터로조,2010.07.14,"9,000~12,000","12,000","12,134",,-,한화증권,119610
아이마켓코리아(유가),2010.07.13,"12,300~15,300","15,300",-,,-,미래에셋증권,122900
하이텍팜,2010.07.12,"10,000~11,500","11,500","21,000",,-,HMC투자증권,106190
웨이포트(홍콩),2010.07.06,"1,400~1,800","1,400","19,558",,-,메리츠증권,900130
우진(유가),2010.07.06,"13,600~15,200","15,000","29,512",,-,한국투자증권,105840
크루셜텍,2010.07.05,"20,000~23,500","23,500","24,107",,-,미래에셋증권,114120
에스디시스템,2010.06.30,"13,000~14,800","14,800","12,350",,-,대우증권,121890
한화스팩1호,2010.06.24,"5,000~-","5,000","20,000",,-,한화증권,124050
신영증권스팩1호,2010.06.16,"1,000~-","1,000","19,700",,-,신영증권,123750
웅진에너지(유가),2010.06.15,"7,500~8,500","9,500","119,100",,-,대신증권,103130
처음앤씨,2010.06.07,"10,500~13,000","13,000","9,260",,-,우리투자증권,111820
유비벨록스,2010.06.03,"9,500~10,500","11,000","9,500",,-,한국투자증권,089850
케이엔디티앤아이,2010.05.26,"7,000~8,500","8,500","15,300",,-,교보증권,046120
히든챔피언제1호스팩,2010.05.26,"2,000~2,000","2,000","30,000",,-,삼성증권,123160
솔라시아,2010.05.25,"4,600~5,100","5,000","4,375",,-,한국투자증권,070300
이연제약(유가),2010.05.24,"16,500~18,000","16,500","21,450",,-,현대증권,102460
실리콘웍스,2010.05.19,"61,000~67,000","67,000","67,000",,-,한국투자증권,108320
투비소프트,2010.05.17,"6,500~7,500","8,000","2,567",,-,한국투자증권,079970
인피니트헬스케어(구.인피니트테,2010.05.10,"4,200~5,200","5,200","12,600",,-,삼성증권,071200
모바일리더,2010.05.06,"13,000~15,000","15,000","7,800",,-,한화증권,100030
만도(유가),2010.05.04,"75,000~90,000","83,000","450,000",,-,우리투자증권,060980
신한제1호스팩,2010.04.28,"4,000~5,000","5,000","37,500",,-,신한금융투자,122690
우리스팩1호(유가),2010.04.26,"10,000~-","10,000","35,000",,-,우리투자증권,122750
삼성생명(유가),2010.04.22,"90,000~115,000","110,000","4,888,116",,-,한국투자증권,032830
동아체육용품유한공사,2010.04.06,"4,600~5,200","5,000","27,595",,-,교보증권,900110
뉴프라이드,2010.04.02,"6,000~7,700","7,500","11,100",,-,골든브릿지,900100
케이씨에스,2010.03.26,"1,200~1,600","1,600","4,320",,-,삼성증권,115500
차이나킹하이웨이,2010.03.16,"3,000~3,500","3,700","72,000",,-,우리투자증권,900120
동양밸류오션SPAC(유가),2010.03.11,"10,000~-","10,000","45,000",,-,동양증권,122290
디지탈아리아,2010.03.11,"8,000~10,000","11,000","8,371",,-,교보증권,115450
현대드림투게더,2010.03.04,"6,000~-","6,000","20,004",,-,현대증권,122350
대한생명보험(유가),2010.03.03,"9,000~11,000","8,200","2,100,000",,-,대우증권,088350
미래에셋스팩1호,2010.02.25,"1,500~-","1,500","20,000",,-,미래에셋증권,121950
대우증권그린코리아SPAC(유가),2010.02.17,"2,500~3,500","3,500","62,500",,-,대우증권,121910
이미지스테크놀로지,2010.02.04,"6,000~7,500","6,000","9,960",,-,교보증권,115610
인포바인,2010.01.20,"26,000~31,000","33,000","14,850",,-,한국투자증권,115310
차이나하오란리사이클링,2010.01.19,"4,300~5,600","4,700","43,000",,-,신한금융,900090
하이소닉,2010.01.19,"11,000~13,000","13,000","8,800",,-,한화증권,106080
에스이티아이,2010.01.18,"16,500~18,000","17,500","31,020",,-,삼성증권,114570
모베이스,2010.01.18,"9,000~12,000","13,200",-,,-,미래에셋증권,101330
에이치디시에스,2010.01.14,"11,000~15,000","15,000","10,999",,-,하이투자증권,105070
락앤락(유가),2010.01.14,"14,000~15,700","15,700","157,000",,-,한국투자증권,115390
지역난방공사(유가),2010.01.13,"33,400~40,800","45,000","130,275",,-,삼성증권,071320
우리넷,2010.01.12,"6,000~7,000","6,700","6,412",,-,한국투자증권,115440
아세아텍,2010.01.08,"4,700~5,400","4,100","20,680",,-,IBK투자증권,050860
영흥철강(유가),2010.01.08,"12,000~16,000","12,000","26,984",,-,대우증권,012160
스타플렉스,2010.01.07,"13,100~15,600","15,000","18,340",,-,대신증권,115570
우노앤컴퍼니,2009.12.28,"7,000~10,000","6,500","16,945",,-,SK증권,114630
승화엘엠씨,2009.12.17,"6,000~7,000","6,700","8,004",,-,한화증권,111610
코디에스,2009.12.16,"5,000~6,000","6,000","6,049",,-,동부증권,080530
아이티엑스시큐리티,2009.12.08,"6,500~8,000","6,000","8,404",,-,한화증권,099520
위메이드엔터테인먼트,2009.12.03,"60,000~65,000","62,000","130,200",,-,우리투자증권,112040
KPX라이프사이언스,2009.12.03,"5,000~6,500","6,200","34,100",,-,미래에셋증권,114450
멜파스,2009.12.01,"43,200~48,800","43,200","53,752",,-,한국투자증권,096640
동양피엔에프,2009.12.01,"10,000~12,000","12,000","17,000",,-,HMC투자증권,104460
현대푸드시스템(유가),2009.11.30,"10,000~11,600","11,600","59,670",,-,현대증권,114410
한전기술(유가),2009.11.25,"21,600~24,400","21,600","165,110",,-,동양증권,052690
디오텍,2009.11.24,"10,000~12,000","9,000","7,160",,-,한화증권,108860
중국엔진집단유한공사,2009.11.16,"10,000~11,000","6,000","100,000",,-,신한금융투자,900080
이원컴포텍,2009.11.12,"2,000~2,200","2,000","2,903",,-,신영증권,088290
GKL(유가),2009.11.04,"9,500~12,000","12,000","176,288",,-,미래에셋증권,114090
강원비앤이,2009.11.02,"4,800~6,000","4,700","6,720",,-,현대증권,114190
이너스텍,2009.10.27,"10,000~13,000","10,000","3,750",,-,대우증권,109960
동방선기,2009.10.27,"5,000~5,800","4,000","8,999",,-,신한금융투자,099410
에스케이씨앤씨(유가),2009.10.26,"28,000~32,000","30,000","540,000",,-,"우리,한국,대신",034730
디엠씨,2009.10.20,"7,500~8,600","6,300","5,625",,-,미래에셋증권,101000
진매트릭스,2009.10.20,"11,000~14,000","8,000","11,000",,-,삼성증권,109820
스틸플라워,2009.10.09,"17,500~21,500","13,500","30,625",,-,미래에셋증권,087220
비츠로셀,2009.10.09,"6,700~8,000","5,500","21,440",,-,현대증권,082920
진로(유가),2009.09.28,"45,000~50,000","41,000","648,000",,-,"삼성,우리투자",000080
동양생명(유가),2009.09.23,"17,000~22,000","17,000","340,380",,-,대우증권외2,082640
한스바이오메드,2009.09.22,"4,500~5,100","5,500","3,496",,-,한국투자증권,042520
네오위즈벅스,2009.09.17,"9,000~11,000","9,000","24,599",,-,우리투자증권,104200
아이앤씨테크놀로지,2009.09.16,"14,000~16,000","16,000","32,480",,-,미래에셋증권,052860
케이엔더블유,2009.09.10,"9,000~11,000","11,000","8,100",,-,키움닷컴증권,105330
에리트베이직(유가),2009.09.10,"3,400~4,200","4,000","6,800",,-,신한금융투자,093240
쌍용머티리얼(유가),2009.09.09,"14,500~17,500","17,500","26,100",,-,대우증권,047400
모린스,2009.09.08,"30,000~39,000","39,000","38,828",,-,"우리투자,현대",110310
디에스케이,2009.09.07,"4,000~5,000","5,000","6,000",,-,신한금융투자,109740
제넥신,2009.09.01,"22,000~27,000","27,000","22,000",,-,"대우,교보증권",095700
톱텍,2009.08.27,"9,100~10,400","10,400","18,200",,-,HMC투자증권,108230
동국S&C,2009.08.06,"9,000~12,000","11,000","205,716",,-,삼성증권,100130
에스앤더블류,2009.07.15,"5,600~6,700","6,700","5,360",,-,대신증권,103230
게임빌,2009.07.13,"13,000~15,500","15,000","12,600",,-,동양증권,063080
동일금속,2009.07.09,"7,000~8,000","8,000","16,800",,-,동양증권,109860
대우캐피탈(유가),2009.06.10,"7,000~8,500","8,000","46,400",,3.10%,한국투자증권,033660
한미파슨스건축사사무소(유가),2009.06.02,"10,000~13,000","14,500","15,950",,-,삼성증권,053690
동아지질(유가),2009.05.26,"12,500~14,000","14,500","50,750",,8.00%,대우증권,028100
어보브반도체,2009.05.20,"2,500~3,000","3,300","4,056",,19.47%,한국투자증권,102120
조이맥스,2009.05.18,"40,000~50,000","55,000","47,891",,38.64%,교보증권,101730
차이나그레이트스타인터내셔널리,2009.05.11,"1,200~1,600","1,700","51,000",,14.03%,NH투자증권,900040
이엔에프테크놀로지,2009.05.11,"4,500~5,100","5,500","14,850",,21.98%,한국투자증권,102710
뉴그리드테크놀로지,2009.05.08,"2,800~3,200","3,500","2,092",,24.60%,미래에셋증권,099440
중국원양자원유한공사(유가),2009.05.04,"2,300~2,900","3,100","53,320",,-,현대증권,900050
해덕선기,2009.04.29,"7,500~8,500","8,500","20,825",,20.41%,메리츠증권,102210
서울마린,2009.04.29,"8,000~10,000","10,000","31,497",,13.10%,미래에셋증권,099220
한국정밀기계,2009.04.27,"18,000~22,000","22,000","50,490",,53.00%,현대증권,101680
STX엔파코(유가),2009.04.27,"10,000~13,000","13,000","29,900",,-,"굿모닝신한,우리",071970
흥국,2009.04.22,"3,200~3,800","4,200","4,713",,5.43%,한국투자증권,010240
신텍,2009.04.15,"9,500~12,500","12,500","17,500",,-,우리투자증권,099660
티플랙스,2009.04.07,"2,200~2,600","3,000","3,177",,15.70%,미래에셋증권,081150
우림기계,2009.04.07,"8,000~10,000","10,000","19,580",,2.07%,동양증권,101170
네프로아이티,2009.04.06,"3,500~4,500","4,500","3,600",,-,삼성증권,950030
엔에스브이,2009.03.31,"3,600~4,300","4,300","10,900",,-,대우증권,095300
에스티오,2009.03.31,"4,000~5,000","5,000","4,700",,-,삼성증권,098660
뷰웍스,2009.03.25,"8,000~10,000","9,000","9,450",,11.69%,한국투자증권,100120
에스앤에스텍,2009.03.25,"3,500~4,500","4,000","9,200",,-,대우증권,101490
에이테크솔루션,2009.03.25,"5,000~5,800","5,400","2,700",,-,현대증권,071670
코오롱생명과학,2009.03.17,"19,500~23,500","23,500","16,920",,-,삼성증권,102940
네오피델리티,2009.03.12,"4,000~5,000","4,500","2,250",,-,한화증권,101400
중국식품포장유한공사,2009.03.04,"2,700~3,700","1,500","9,000",,-,굿모닝신한증권,900060
이수앱지스,2009.01.13,"5,000~5,500","5,500","7,480",,-,삼성증권,086890
유비쿼스,2009.01.07,"6,000~7,000","6,100","6,278",,-,미래에셋증권,078070
대성파인텍,2009.01.07,"4,000~4,500","3,500","1,575",,-,현대증권,104040
메디톡스,2008.12.26,"13,200~14,700","14,000","3,542",,-,한국투자증권,086900
엠게임,2008.12.01,"11,000~13,000","10,000","3,100",,-,미래에셋증권,058630
아이컴포넌트,2008.11.25,"5,100~5,600","3,500","1,358",,-,한국투자증권,059100
